"abstract_ts";"access_ss";"Affiliations";"Timestamp";"Author";"citation_count_i";"ID";"dtu_library_collection_facet";"collection_facet";"Publication Year";"Conference";"DOI";"Editor";"embargo_ssf";"format";"fulltext_availability_facet";"has_openaccess_fulltext_b";"holdings_ssf";"ISBN";"Journal Issue";"journal_issue_tsort";"journal_oa_model_ss";"Journal Page";"journal_page_start_tsort";"Journal Title";"journal_title_facet";"toc_key_s";"Journal Volume";"journal_vol_tsort";"keywords_ts";"keywords_facet";"keywords_normalized";"isolanguage_facet";"member_id_ss";"ORCID";"primary_member_id_s";"Publisher";"Source";"source_all_ss";"Title"
"";"dtu|dtupub|third_party";"";"2022-08-02T00:09:45.140Z";"Chapu, Samuel Benjamin Élie";"";"2712945949";"";"dtu";"2022";"";"";"";"";"thesis";"dtu|dtu_electronic|dtupub|dtupub_electronic";"";"";"";"";"";"";"";"";"";"";"";"";"";"";"";"";"und";"62e86b499f6378a44674257f";"";"62e86b499f6378a44674257f";"DTU Department of Applied Mathematics and Computer Science";"sorbit";"sorbit";"Player modeling based on machine learning|Modellering af spillere baseret pa maskinlæring"
"";"dtu|dtupub|third_party";"";"2022-03-22T12:09:56.706Z";"Schincaglia, Pietro";"";"2708757303";"";"dtu";"2022";"";"";"";"";"thesis";"dtu|dtu_electronic|dtupub|dtupub_electronic";"";"";"";"";"";"";"";"";"";"";"";"";"";"";"";"";"und";"6239bc94c8f7b6db73d9a576";"";"6239bc94c8f7b6db73d9a576";"DTU Department of Civil and Mechanical Engineering";"sorbit";"sorbit";"CO2 utilization for fuel synthesis|CO2 udnyttelse for syntese af brændstof"
"";"dtu|dtupub|third_party";"";"2023-08-03T00:10:24.464Z";"Deng, Bufan";"";"2727485963";"";"dtu";"2023";"";"";"";"";"thesis";"dtu|dtu_electronic|dtupub|dtupub_electronic";"";"";"";"";"";"";"";"";"";"";"";"";"";"";"";"";"und";"64caf0709b5d7e1f4fb1fabe";"";"64caf0709b5d7e1f4fb1fabe";"DTU Department of Health Technology";"sorbit";"sorbit";"Design of A Stress Relief Application Interface for Improving Mental Health Among University Students|Design of A Stress Relief Application Interface for Improving Mental Health Among University Students"
"";"dtu|dtupub|third_party";"";"2022-10-05T00:09:29.694Z";"Muraközy, Nóra Gyopár";"";"2714241360";"";"dtu";"2022";"";"";"";"";"thesis";"dtu|dtu_electronic|dtupub|dtupub_electronic";"";"";"";"";"";"";"";"";"";"";"";"";"";"";"";"";"und";"633ccb386678d733f9426bea";"";"633ccb386678d733f9426bea";"DTU Department of Applied Mathematics and Computer Science";"sorbit";"sorbit";"Player-Defined Achievement System to Enhance Intrinsic Motivation for Mastery of Mobile Puzzle Card Game|Spillerdefineret Præstationssystem til at Forbedre Den Indre Motivation for Beherskelse af Mobilt Puslespil"
"";"dtu|dtupub|third_party";"";"2023-03-24T01:09:35.893Z";"Redkar, Vedant";"";"2723178976";"";"dtu";"2023";"";"";"";"";"thesis";"dtu|dtu_electronic|dtupub_external";"";"";"";"";"";"";"";"";"";"";"";"";"";"";"";"";"und";"641cf84f5ea0e13c29a587a8";"";"641cf84f5ea0e13c29a587a8";"DTU Department of Civil and Mechanical Engineering";"sorbit";"sorbit";"Design and development of an automated interface between transducer and robotic arm used in Transcranial Magnetic Stimulation (TMS) therapy|Design og udvikling af automatiseret interface mellem transducer og robotarm til brug ved Transkraniel Magnet Stimulation (TMS) terapi"
"";"dtu|dtupub|third_party";"";"2022-09-12T00:09:29.090Z";"Cort, Isabel Diaz-Pines";"";"2713609045";"";"dtu";"2022";"";"";"";"";"thesis";"dtu|dtu_electronic|dtupub|dtupub_electronic";"";"";"";"";"";"";"";"";"";"";"";"";"";"";"";"";"und";"631e78b990c09045405889cb";"";"631e78b990c09045405889cb";"DTU Department of Health Technology";"sorbit";"sorbit";"The limits of haplotype-based approaches|Grænserne for haplotype-baserede metoder."
"";"dtu|dtupub|third_party";"";"2023-07-24T00:12:07.837Z";"Pérez, José Turégano";"";"2727253501";"";"dtu";"2023";"";"";"";"";"thesis";"dtu|dtu_electronic|dtupub_external";"";"";"";"";"";"";"";"";"";"";"";"";"";"";"";"";"und";"64bdc1d799e65e31317c4f55";"";"64bdc1d799e65e31317c4f55";"DTU Department of Electrical and Photonics Engineering";"sorbit";"sorbit";"Computer vision and deep learning for autonomous robots in vertical farming|Computer vision and deep learning for autonomous robots in vertical farming"
"";"dtu|dtupub|third_party";"";"2022-08-02T00:09:41.068Z";"Plaat, Julie van der";"";"2712945927";"";"dtu";"2022";"";"";"";"";"thesis";"dtu|dtu_electronic|dtupub_external";"";"";"";"";"";"";"";"";"";"";"";"";"";"";"";"";"und";"62e86b45ee8673a44684f3fc";"";"62e86b45ee8673a44684f3fc";"DTU Department of Chemical and Biochemical Engineering";"sorbit";"sorbit";"Side-chain modification of a biopolymer via radical grafting|Sidekædemodificering af en biopolymer ved anvendelse af radikalkemi"
"";"dtu|dtupub|third_party";"";"2022-08-31T06:34:04.277Z";"Mearraoui, Razan";"";"2713409601";"";"dtu";"2022";"";"";"";"";"thesis";"dtu|dtu_electronic|dtupub_external";"";"";"";"";"";"";"";"";"";"";"";"";"";"";"";"";"und";"630ea6c6ac7e1c25113726a5";"";"630ea6c6ac7e1c25113726a5";"DTU Department of Health Technology";"sorbit";"sorbit";"Development of lipid nanoparticle formulations for efficient drug delivery into skin cells|Udvikling af lipidnanopartikelformuleringer til effektiv lægemiddellevering til hudceller"
"";"dtu|dtupub|third_party";"";"2023-08-15T00:10:04.022Z";"Petersen, Amanda Louise";"";"2727685664";"";"dtu";"2023";"";"";"";"";"thesis";"dtu|dtu_electronic|dtupub_external";"";"";"";"";"";"";"";"";"";"";"";"";"";"";"";"";"und";"64dac25b1b1aac205252c11f";"";"64dac25b1b1aac205252c11f";"DTU Department of Chemical and Biochemical Engineering";"sorbit";"sorbit";"Performance evaluations of conformed catalysts for N2O abatement|Evaluering af katalysatorer til fjernelse af N2O"
"";"dtu|dtupub|third_party";"";"2022-03-18T12:10:03.422Z";"Raja, Janak";"";"2708656362";"";"dtu";"2022";"";"";"";"";"thesis";"dtu|dtu_electronic|dtupub|dtupub_electronic";"";"";"";"";"";"";"";"";"";"";"";"";"";"";"";"";"und";"6234769b1b8ebfc1520104d3";"";"6234769b1b8ebfc1520104d3";"DTU Department of Technology, Management and Economics";"sorbit";"sorbit";"Platforms as drivers in transforming construction towards circularity|Platform som driver for udviking af cirkulært byggeri."
"";"dtu|dtupub|third_party";"";"2022-02-23T12:10:15.397Z";"Embarek, William Ben";"";"2707790613";"";"dtu";"2022";"";"";"";"";"thesis";"dtu|dtu_electronic|dtupub|dtupub_electronic";"";"";"";"";"";"";"";"";"";"";"";"";"";"";"";"";"und";"62162426e8b236235e76241d";"";"62162426e8b236235e76241d";"DTU Department of Electrical and Photonics Engineering";"sorbit";"sorbit";"Tenant control plane optimization in Kubernetes vClusters|Optimering af tenant kontrollag i Kubernetes vClusters"
"";"dtu|dtupub|third_party";"";"2023-08-01T00:11:44.040Z";"Mikkelsen, Kasper Kjær";"";"2727448829";"";"dtu";"2023";"";"";"";"";"thesis";"dtu|dtu_electronic|dtupub_external";"";"";"";"";"";"";"";"";"";"";"";"";"";"";"";"";"und";"64c84dbf837d881f4f178da7";"";"64c84dbf837d881f4f178da7";"DTU Department of Physics";"sorbit";"sorbit";"Design of a laboratory prototype for CO2 mineralisation|Design af en laboratorieprototype til CO2-mineralisering"
"";"dtu|dtupub|third_party";"";"2022-03-01T12:09:56.639Z";"Wedenborg, Anna Emilie Jennow";"";"2708036254";"";"dtu";"2022";"";"";"";"";"thesis";"dtu|dtu_electronic|dtupub_external";"";"";"";"";"";"";"";"";"";"";"";"";"";"";"";"";"und";"621e0d133574cd235e3433ad";"";"621e0d133574cd235e3433ad";"DTU Department of Applied Mathematics and Computer Science";"sorbit";"sorbit";"A Machine Learning Approach to Heterogeneity and Homogeneity within Psychiatric Disorders|Machine learning til karakterisering af hetero- og homogenitet i psykiatriske lidelser"
"";"dtu|dtupub|third_party";"";"2023-07-29T00:10:25.261Z";"Jørgensen, Rasmus Peter Brylle";"";"2727384268";"";"dtu";"2023";"";"";"";"";"thesis";"dtu|dtu_electronic|dtupub|dtupub_electronic";"";"";"";"";"";"";"";"";"";"";"";"";"";"";"";"";"und";"64c458f07b147e1f4f378cd2";"";"64c458f07b147e1f4f378cd2";"DTU Department of Civil and Mechanical Engineering";"sorbit";"sorbit";"Timber joist storey partitions - A theoretical and experimental determination and comparison of the fire resistance of a load bearing floor construction subjected to the standard temperature-time curve|Træbjælkelag - En teoretisk og eksperimentel bestemmelse og sammenligning af brandmodstandsevnen for en bærende gulvkonstruktion udsat for standard brandkurven"
"";"dtu|dtupub|third_party";"";"2023-09-12T00:09:29.298Z";"Andresen, Mads Astrup";"";"2728239862";"";"dtu";"2023";"";"";"";"";"thesis";"dtu|dtu_electronic|dtupub_external";"";"";"";"";"";"";"";"";"";"";"";"";"";"";"";"";"und";"64ffac39ebf71223c6f1c2f3";"";"64ffac39ebf71223c6f1c2f3";"DTU Department of Applied Mathematics and Computer Science";"sorbit";"sorbit";"Threat Modelling made Simple|En simpel model til trusselsmodellering"
"";"dtu|dtupub|third_party";"";"2025-10-16T00:34:23.677Z";"Kramer, Frans Michael";"";"2874581668";"";"dtu";"2022";"";"";"";"";"thesis";"dtu|dtu_electronic|dtupub|dtupub_electronic";"";"";"";"";"";"";"";"";"";"";"";"";"";"";"";"";"und";"68f037ffd94a1e15e1f024da";"";"68f037ffd94a1e15e1f024da";"DTU Department of Wind and Energy Systems";"sorbit";"sorbit";"Transition of the UK transmission system towards 2050|Udviklingsmuligheder for transmissionsnettet i UK frem mod 2050"
"";"dtu|dtupub|third_party";"";"2022-07-25T00:10:56.973Z";"Holm, Nikolaj Ellebye";"";"2712810240";"";"dtu";"2022";"";"";"";"";"thesis";"dtu|dtu_electronic|dtupub_external";"";"";"";"";"";"";"";"";"";"";"";"";"";"";"";"";"und";"62dddf90bef3fc54e4a1fffb";"";"62dddf90bef3fc54e4a1fffb";"DTU Department of Technology, Management and Economics";"sorbit";"sorbit";"Implementation of predictive maintenance in a high-speed pharmaceutical filling line|Implementering af predictive maintenance pa en højhastigheds farmaceutisk fyldelinje."
"";"dtu|dtupub|third_party";"";"2022-08-21T00:09:30.994Z";"Frimann, Line Kongeskov";"";"2713252562";"";"dtu";"2022";"";"";"";"";"thesis";"dtu|dtu_electronic|dtupub|dtupub_electronic";"";"";"";"";"";"";"";"";"";"";"";"";"";"";"";"";"und";"630177ba7756b61325e7a940";"";"630177ba7756b61325e7a940";"DTU DTU National Food Institute";"sorbit";"sorbit";"Identification of relevant substances for quality control of plant-based ""dairy"" products by Milkoscan|Identifikation af relevante stoffer til kvalitetskontrol af plantebaserede ""mælke""-produkter"
"";"dtu|dtupub|third_party";"";"2022-08-15T00:09:34.628Z";"Grigoriou, Christos";"";"2713140672";"";"dtu";"2022";"";"";"";"";"thesis";"dtu|dtu_electronic|dtupub|dtupub_electronic";"";"";"";"";"";"";"";"";"";"";"";"";"";"";"";"";"und";"62f98ebe49a04803a4a5a732";"";"62f98ebe49a04803a4a5a732";"DTU Department of Applied Mathematics and Computer Science";"sorbit";"sorbit";"Distributed Remote Attestation Protocol through Smart Contracts Technology|Distribueret Remote Attestation Protokol ved Hjælp af Smart Contracts Teknologi"
"";"dtu|dtupub|third_party";"";"2023-03-03T02:05:56.045Z";"Hermansen, Joachim Marco";"";"2720125348";"";"dtu";"2023";"";"";"";"";"thesis";"dtu|dtu_electronic|dtupub|dtupub_electronic";"";"";"";"";"";"";"";"";"";"";"";"";"";"";"";"";"und";"640148cdfd361d3c124d7097";"";"640148cdfd361d3c124d7097";"DTU Department of Energy Conversion and Storage";"sorbit";"sorbit";"Magnetic levitation by fast-rotating magnets|Svævende magneter ved hurtig rotation"
"";"dtu|dtupub|third_party";"";"2023-03-15T01:09:42.891Z";"Singh, Silas Harman";"";"2720571532";"";"dtu";"2023";"";"";"";"";"thesis";"dtu|dtu_electronic|dtupub|dtupub_electronic";"";"";"";"";"";"";"";"";"";"";"";"";"";"";"";"";"und";"64111ad39527ee3abb72ff3d";"";"64111ad39527ee3abb72ff3d";"DTU Department of Civil and Mechanical Engineering";"sorbit";"sorbit";"Simulation accuracy in the design of natural ventilation for renovated apartments|Simuleringsdetaljering i design af naturlig ventilation til renoverede lejligheder"
"";"dtu|dtupub|third_party";"";"2023-03-05T01:09:37.480Z";"Heltved, Therese Mollwitz";"";"2720233174";"";"dtu";"2023";"";"";"";"";"thesis";"dtu|dtu_electronic|dtupub_external";"";"";"";"";"";"";"";"";"";"";"";"";"";"";"";"";"und";"6403ebd14d00ab3c490c7b11";"";"6403ebd14d00ab3c490c7b11";"DTU DTU National Food Institute";"sorbit";"sorbit";"Biodosimetry for determining the UV-C dose for the inactivation of aerobic spore formers associated with milk|Biodosimetri til bestemmelse af UV-C dosis til inaktivering af aerobe sporedannere associeret til mælk"
"";"dtu|dtupub|third_party";"";"2022-09-12T00:09:28.883Z";"Puyol, Ignasi Ramon Badia";"";"2713609044";"";"dtu";"2022";"";"";"";"";"thesis";"dtu|dtu_electronic|dtupub_external";"";"";"";"";"";"";"";"";"";"";"";"";"";"";"";"";"und";"631e78b8efa5494540e99819";"";"631e78b8efa5494540e99819";"DTU Department of Wind and Energy Systems";"sorbit";"sorbit";"Numerical reproduction in HAWC2 of experimental results for an IEA Wind 15 MW S-bos semisub floating wind turbine in wind and waves|Numerisk reproduktion i HAWC2 af eksperimentelle resultater for en IEA Wind 15 MW S-bos semisub flydende vindmølle i vind og bølger"
"";"dtu|dtupub|third_party";"";"2022-09-29T00:09:29.874Z";"Bruce, Jose Tomas Figueroa";"";"2714088758";"";"dtu";"2022";"";"";"";"";"thesis";"dtu|dtu_electronic|dtupub|dtupub_electronic";"";"";"";"";"";"";"";"";"";"";"";"";"";"";"";"";"und";"6334e2391c392e33f9297e78";"";"6334e2391c392e33f9297e78";"DTU Department of Technology, Management and Economics";"sorbit";"sorbit";"Optimization of PtX fuel production in different locations taking local renewable resources into account|Optimering af PtX brændstof produktion pa foskellige lokationer under hensyntagen til lokale vedvarende energi ressourcer"
"";"dtu|dtupub|third_party";"";"2022-08-01T00:10:26.484Z";"Phillips, Stephen Mark";"";"2712912882";"";"dtu";"2022";"";"";"";"";"thesis";"dtu|dtu_electronic|dtupub|dtupub_electronic";"";"";"";"";"";"";"";"";"";"";"";"";"";"";"";"";"und";"62e719f23c9041a446e911aa";"";"62e719f23c9041a446e911aa";"DTU Department of Wind and Energy Systems";"sorbit";"sorbit";"Dynamic analysis of a floating wind turbine with a tension leg platform in deep water|Dynamisk analyse af en flydende havvindmølle med et TLP fundament pa dybt vand."
"";"dtu|dtupub|third_party";"";"2022-10-08T00:09:34.910Z";"Støvlbæk, David Christian Tams|Grunwald, Boris Karl Voigt Weiding";"";"2714279128";"";"dtu";"2022";"";"";"";"";"thesis";"dtu|dtu_electronic|dtupub_external";"";"";"";"";"";"";"";"";"";"";"";"";"";"";"";"";"und";"6340bfbe3dd50433f90e3565";"";"6340bfbe3dd50433f90e3565";"DTU Department of Engineering Technology and Didactics";"sorbit";"sorbit";"Comparative analysis of opportunities, risks and challenges for Danske Bank on Cloud Solutions|Komparativ analyse af muligheder, risici og udfordringer for Danske Bank angaende Cloud Løsning"
"";"dtu|dtupub|third_party";"";"2022-03-05T12:10:01.224Z";"Bek, Lukas Nyboe";"";"2708259068";"";"dtu";"2022";"";"";"";"";"thesis";"dtu|dtu_electronic|dtupub|dtupub_electronic";"";"";"";"";"";"";"";"";"";"";"";"";"";"";"";"";"und";"62235319499e8a54d898a5ce";"";"62235319499e8a54d898a5ce";"DTU Department of Civil and Mechanical Engineering";"sorbit";"sorbit";"Process surveillance and data-collection for injection moulding using an event processing system|Procesovervagning og dataindsamling til sprøjtestøbning ved hjælp af et system til behandling af begivenheder"
"";"dtu|dtupub|third_party";"";"2022-02-26T12:09:57.048Z";"Laursen, Morten Dam";"";"2707934703";"";"dtu";"2022";"";"";"";"";"thesis";"dtu|dtu_electronic|dtupub|dtupub_electronic";"";"";"";"";"";"";"";"";"";"";"";"";"";"";"";"";"und";"621a1893749350235e5e1ac0";"";"621a1893749350235e5e1ac0";"DTU Department of Technology, Management and Economics";"sorbit";"sorbit";"Market opportunities for wheat BSG products|Markedsmuligheder for hvedebaserede protein produkter"
"";"dtu|dtupub|third_party";"";"2023-07-23T00:11:37.053Z";"Pogor, Viorica|Kjeldsen, Oliver Lennert";"";"2727249338";"";"dtu";"2023";"";"";"";"";"thesis";"dtu|dtu_electronic|dtupub_external";"";"";"";"";"";"";"";"";"";"";"";"";"";"";"";"";"und";"64bc7038aa022531313cc7e9";"";"64bc7038aa022531313cc7e9";"DTU Department of Technology, Management and Economics";"sorbit";"sorbit";"Investigating the impact of psychological safety in early stage startup teams and their performance|Undersøgelse af indvirkningerne af psykologisk sikkerhed i den indledende fase i startup teams og deres performance"
"";"dtu|dtupub|third_party";"";"2023-08-01T00:11:03.987Z";"Aprilis, Periklis";"";"2727448526";"";"dtu";"2023";"";"";"";"";"thesis";"dtu|dtu_electronic|dtupub|dtupub_electronic";"";"";"";"";"";"";"";"";"";"";"";"";"";"";"";"";"und";"64c84d97046e001f4fa721ab";"";"64c84d97046e001f4fa721ab";"DTU Department of Electrical and Photonics Engineering";"sorbit";"sorbit";"Contactless acquisition of photoluminescence images of PV panels during inverter I-V sweeps for preventive maintenance of PV power plants|Kontaktløs optagelse af fotoluminescens billeder af solcellepaneler samtidig med I-V skanninger til forbyggende vedligeholdelse af store solcelle anlæg"
"";"dtu|dtupub|third_party";"";"2023-07-30T00:10:59.795Z";"Wallner, Lukas Jonathan Michael";"";"2727400891";"";"dtu";"2023";"";"";"";"";"thesis";"dtu|dtu_electronic|dtupub_external";"";"";"";"";"";"";"";"";"";"";"";"";"";"";"";"";"und";"64c5aa93d560801f4f83dd69";"";"64c5aa93d560801f4f83dd69";"DTU Department of Technology, Management and Economics";"sorbit";"sorbit";"Quantifying the Impact of Operational Conditions on Ship Fuel Efficiency: A Model-based Machine Learning Approach|Kvantificering af effekterne af operationelle tilstande for skibes brændstofeffektivitet: En model-baseret mashine learning tilgang"
"";"dtu|dtupub|third_party";"";"2023-09-04T00:09:35.820Z";"Thanasoula, Eirini";"";"2728081005";"";"dtu";"2023";"";"";"";"";"thesis";"dtu|dtu_electronic|dtupub|dtupub_electronic";"";"";"";"";"";"";"";"";"";"";"";"";"";"";"";"";"und";"64f5203ff0fb4122d1c8cda5";"";"64f5203ff0fb4122d1c8cda5";"DTU Department of Chemical and Biochemical Engineering";"sorbit";"sorbit";"Development of syngas biomethanation process in trickle bed reactors|Udvikling af syngas biomethaniseringsproces i trickle bed reaktorer"
"";"dtu|dtupub|third_party";"";"2023-07-24T00:11:59.712Z";"Blasio, Paolo Vincenzo Freiesleben de";"";"2727253477";"";"dtu";"2023";"";"";"";"";"thesis";"dtu|dtu_electronic|dtupub_external";"";"";"";"";"";"";"";"";"";"";"";"";"";"";"";"";"und";"64bdc1cf1134783131fdf997";"";"64bdc1cf1134783131fdf997";"DTU Department of Energy Conversion and Storage";"sorbit";"sorbit";"Performance Optimization and Testing of Aqueous Organic Redox Flow Batteries|Optimering og Test af Vandige Organiske Redox Flow Batterier"
"";"dtu|dtupub|third_party";"";"2023-08-28T00:09:25.327Z";"Wang, Junyi";"";"2727909691";"";"dtu";"2023";"";"";"";"";"thesis";"dtu|dtu_electronic|dtupub|dtupub_electronic";"";"";"";"";"";"";"";"";"";"";"";"";"";"";"";"";"und";"64ebe5b521cc0e205282a41f";"";"64ebe5b521cc0e205282a41f";"DTU Department of Electrical and Photonics Engineering";"sorbit";"sorbit";"Simulated Robotic Assembly using Reinforcement Learning Techniques|Simulated Robotic Assembly using Reinforcement Learning Techniques"
"";"dtu|dtupub|third_party";"";"2023-04-19T09:45:43.174Z";"Olesen, Mai Goth";"";"2723678048";"";"dtu";"2023";"";"";"";"";"thesis";"dtu|dtu_electronic|dtupub|dtupub_electronic";"";"";"";"";"";"";"";"";"";"";"";"";"";"";"";"";"und";"643fb8467e6bd768b1122461";"";"643fb8467e6bd768b1122461";"DTU Department of Environmental and Resource Engineering";"sorbit";"sorbit";"Absolute Environmental Sustainability Assessment of organic and conventional agriculture focusing on marine eutrophication|Absolute environmental sustainability assessment af økologisk og konventionelt landbrug med fokus pa marin eutrofiering."
"";"dtu|dtupub|third_party";"";"2023-07-16T00:10:55.249Z";"Guichard, Daniel Victor";"";"2727111367";"";"dtu";"2023";"";"";"";"";"thesis";"dtu|dtu_electronic|dtupub_external";"";"";"";"";"";"";"";"";"";"";"";"";"";"";"";"";"und";"64b3358f171b939152c9fb7c";"";"64b3358f171b939152c9fb7c";"DTU Department of Technology, Management and Economics";"sorbit";"sorbit";"A Study In Entrepreneurial Methods Between Denmark & Japan|En undersøgelse af entreprenørske metoder mellem Danmark and Japan"
"";"dtu|dtupub|third_party";"";"2023-08-23T00:09:40.621Z";"Georgiou, Christos";"";"2727838124";"";"dtu";"2023";"";"";"";"";"thesis";"dtu|dtu_electronic|dtupub|dtupub_electronic";"";"";"";"";"";"";"";"";"";"";"";"";"";"";"";"";"und";"64e54e4453c65720529575ba";"";"64e54e4453c65720529575ba";"DTU Department of Technology, Management and Economics";"sorbit";"sorbit";"English: Saving and Dissaving Planning for Individuals: A simulation Framework for Life Cycle Pension Planning|Op- og nedsparingsplanlægning for private: Et simulationsramme for livscyklus pensionsplanlægning."
"";"dtu|dtupub|third_party";"";"2023-10-23T00:09:19.665Z";"Lykkegaard, Thomas";"";"2729229516";"";"dtu";"2023";"";"";"";"";"thesis";"dtu|dtu_electronic|dtupub_external";"";"";"";"";"";"";"";"";"";"";"";"";"";"";"";"";"und";"6535b9af0db2613eb6ddb6cc";"";"6535b9af0db2613eb6ddb6cc";"DTU Department of Wind and Energy Systems";"sorbit";"sorbit";"Design, Finite element simulation and validation of test set-up of pre-casted root segments from a wind turbine blade|Design, finite element simulering og validering af test opsætning af for-støbt rod emne fra vindmøllevinge."
"";"dtu|dtupub|third_party";"";"2023-08-24T00:09:21.444Z";"Stefanidis, Petros";"";"2727852916";"";"dtu";"2023";"";"";"";"";"thesis";"dtu|dtu_electronic|dtupub|dtupub_electronic";"";"";"";"";"";"";"";"";"";"";"";"";"";"";"";"";"und";"64e69fb1de2d282052cf9381";"";"64e69fb1de2d282052cf9381";"DTU Department of Electrical and Photonics Engineering";"sorbit";"sorbit";"Field degradation and failures study of bifacial PV modules|Studie af dobbeltsidede panelers nedbrydelse og fejl ved brug i solcellepark"
"";"dtu|dtupub|third_party";"";"2023-06-02T00:13:08.145Z";"Mato, Alvaro Romero";"";"2725079597";"";"dtu";"2023";"";"";"";"";"thesis";"dtu|dtu_electronic|dtupub|dtupub_electronic";"";"";"";"";"";"";"";"";"";"";"";"";"";"";"";"";"und";"647934148663d9bb5b571b3b";"";"647934148663d9bb5b571b3b";"DTU Department of Electrical and Photonics Engineering";"sorbit";"sorbit";"Electrical tuning of excitons in monolayer WSe2|Elektrisk tuning af excitoner i enkelte lag af WSe2"
"";"dtu|dtupub|third_party";"";"2023-03-28T00:09:36.519Z";"Damiano, Nicola";"";"2723269150";"";"dtu";"2023";"";"";"";"";"thesis";"dtu|dtu_electronic|dtupub|dtupub_electronic";"";"";"";"";"";"";"";"";"";"";"";"";"";"";"";"";"und";"6422304022a4a83d3c0d0e3e";"";"6422304022a4a83d3c0d0e3e";"DTU Department of Technology, Management and Economics";"sorbit";"sorbit";"Opgørelsesproblemet i tilfælde af ubalancerede data. Tilfældet med mikromobilitetsoperatører|The Inventory Problem in the case of imbalanced data. The case of micro-mobility operators"
"";"dtu|dtupub|third_party";"";"2023-02-22T01:09:59.662Z";"Vila, Alvaro Pazo";"";"2718825285";"";"dtu";"2023";"";"";"";"";"thesis";"dtu|dtu_electronic|dtupub_external";"";"";"";"";"";"";"";"";"";"";"";"";"";"";"";"";"und";"63f56b67ef70f391f7629a93";"";"63f56b67ef70f391f7629a93";"DTU DTU National Food Institute";"sorbit";"sorbit";"Model-based characterization of a tubular photobioreactor for industrial cultivation of microalgae|Modelbaseret karakterisering af en tubulær fotobioreaktor til industriel dyrkning af mikroalger"
"";"dtu|dtupub|third_party";"";"2023-07-23T00:10:41.222Z";"Huang, Yi";"";"2727248775";"";"dtu";"2023";"";"";"";"";"thesis";"dtu|dtu_electronic|dtupub|dtupub_electronic";"";"";"";"";"";"";"";"";"";"";"";"";"";"";"";"";"und";"64bc7001a119993131ca961a";"";"64bc7001a119993131ca961a";"DTU Department of Health Technology";"sorbit";"sorbit";"Interpretation of gene expression in breast cancer through AI-guided analysis of multi-omics data|Fortolkning af genekspression i brystkræft gennem AI-styret analyse af multi-omics-data"
"";"dtu|dtupub|third_party";"";"2023-03-04T06:55:33.062Z";"Bellisco, Aaron del Rio";"";"2720215571";"";"dtu";"2023";"";"";"";"";"thesis";"dtu|dtu_electronic|dtupub|dtupub_electronic";"";"";"";"";"";"";"";"";"";"";"";"";"";"";"";"";"und";"6402eb5cfc958a3c450def1a";"";"6402eb5cfc958a3c450def1a";"DTU Department of Wind and Energy Systems";"sorbit";"sorbit";"Add-on impact in aerodynamic performance of wind turbine airfoils under reverse flow conditions|Aerodynamiske anordningers pavirkning af den aerodynamisk ydeevne af vindmølleprofiler med strømning fra bagkant til forkant"
"";"dtu|dtupub|third_party";"";"2023-04-19T00:09:32.635Z";"Munck, Laurits|Eberhard, Simon Elias";"";"2723669362";"";"dtu";"2023";"";"";"";"";"thesis";"dtu|dtu_electronic|dtupub|dtupub_electronic";"";"";"";"";"";"";"";"";"";"";"";"";"";"";"";"";"und";"643f3139ad985268b1e0a890";"";"643f3139ad985268b1e0a890";"DTU Department of Civil and Mechanical Engineering";"sorbit";"sorbit";"CFD modelling of crevice flow and flame propagation of premixed methane combustion in a CFR engine|CFD modellering af strømning fra stempelhulrum og flammeubredelse ved forbrænding af forblandet metan i CFR motor"
"";"dtu|dtupub|third_party";"";"2023-05-03T00:09:29.838Z";"Tolsgaard, Yasmina";"";"2723900898";"";"dtu";"2023";"";"";"";"";"thesis";"dtu|dtu_electronic|dtupub|dtupub_electronic";"";"";"";"";"";"";"";"";"";"";"";"";"";"";"";"";"und";"6451a6395a44242aa5d576fd";"";"6451a6395a44242aa5d576fd";"DTU Department of Environmental and Resource Engineering";"sorbit";"sorbit";"Where do the UBC go? - Waste management of used beverage cartons in Denmark|LCA af affaldshandtering af mad- og drikkekartoner i Danmark"
"";"dtu|dtupub|third_party";"";"2023-07-31T00:10:22.273Z";"Bakratsis, Dimitrios Ioannis|Magnisalis, Artemios";"";"2727406314";"";"dtu";"2023";"";"";"";"";"thesis";"dtu|dtu_electronic|dtupub|dtupub_electronic";"";"";"";"";"";"";"";"";"";"";"";"";"";"";"";"";"und";"64c6fbee576fac1f4f884e0e";"";"64c6fbee576fac1f4f884e0e";"DTU Department of Energy Conversion and Storage";"sorbit";"sorbit";"Electrochemically driven CO2 capture|CO2-capture ved elektrokemisk drevet pH-sving"
"";"dtu|dtupub|third_party";"";"2023-08-29T00:09:18.615Z";"Christoffersen, Simone Skaale";"";"2727957050";"";"dtu";"2023";"";"";"";"";"thesis";"dtu|dtu_electronic|dtupub|dtupub_electronic";"";"";"";"";"";"";"";"";"";"";"";"";"";"";"";"";"und";"64ed372e7e5fab20529c7fcf";"";"64ed372e7e5fab20529c7fcf";"DTU Department of Chemical and Biochemical Engineering";"sorbit";"sorbit";"Kinetic measurements of CO2 reactivity with innovative capture solvents|CO2 kinetikmaling med innovative solventer"
"";"dtu|dtupub|third_party";"";"2023-02-28T01:09:55.971Z";"Koziak, Tomasz Mariusz";"";"2719955226";"";"dtu";"2023";"";"";"";"";"thesis";"dtu|dtu_electronic|dtupub|dtupub_electronic";"";"";"";"";"";"";"";"";"";"";"";"";"";"";"";"";"und";"63fd546389591891f7140313";"";"63fd546389591891f7140313";"DTU Department of Electrical and Photonics Engineering";"sorbit";"sorbit";"Federated-Learing-based approach for attack detection|Opdagelse af angreb baseret pa federated learning"
"";"dtu|dtupub|third_party";"";"2023-04-01T00:09:44.965Z";"Jacob, Reuben";"";"2723340232";"";"dtu";"2023";"";"";"";"";"thesis";"dtu|dtu_electronic|dtupub|dtupub_electronic";"";"";"";"";"";"";"";"";"";"";"";"";"";"";"";"";"und";"64277648d245a43d3c9581d6";"";"64277648d245a43d3c9581d6";"DTU Department of Civil and Mechanical Engineering";"sorbit";"sorbit";"Microstructure and corrosion investigation of Al-Cu bus bars for automotive electrification|Mikrostruktur- og korrosionsmæssig undersøgelse af Al-Cu bus bars brugt til elektrificering af den automotive sektor"
"";"dtu|dtupub|third_party";"";"2023-03-16T01:09:35.998Z";"Daglaroglou, Angelos";"";"2720821151";"";"dtu";"2023";"";"";"";"";"thesis";"dtu|dtu_electronic|dtupub_external";"";"";"";"";"";"";"";"";"";"";"";"";"";"";"";"";"und";"64126c4fe4a48d3abbdd6ef4";"";"64126c4fe4a48d3abbdd6ef4";"DTU Department of Technology, Management and Economics";"sorbit";"sorbit";"Data-Driven Predictive Maintenance Planning for Maritime Industry|Datadrevet forudsigelig vedligeholdelsesplanlægning for den maritime industri"
"";"dtu|dtupub|third_party";"";"2023-07-23T00:10:31.976Z";"Mikkelsen, Petur";"";"2727248484";"";"dtu";"2023";"";"";"";"";"thesis";"dtu|dtu_electronic|dtupub|dtupub_electronic";"";"";"";"";"";"";"";"";"";"";"";"";"";"";"";"";"und";"64bc6ff7e5e10e3131958073";"";"64bc6ff7e5e10e3131958073";"DTU National Institute of Aquatic Resources";"sorbit";"sorbit";"Round goby in an increasingly hypoxic world: Determination of its critical oxygen level|Sortmundet kutling i en verden med stigende iltsvind: Bestemmelse af artens kritiske iltniveau"
"";"dtu|dtupub|third_party";"";"2023-07-07T00:10:56.063Z";"Nielsen, Sara Grini";"";"2726945092";"";"dtu";"2023";"";"";"";"";"thesis";"dtu|dtu_electronic|dtupub|dtupub_electronic";"";"";"";"";"";"";"";"";"";"";"";"";"";"";"";"";"und";"64a7580f43f0579152641da4";"";"64a7580f43f0579152641da4";"DTU Department of Chemical and Biochemical Engineering";"sorbit";"sorbit";"Downstream process optimization and characterization of enzymes|Downstream procesoptimering og karakterisering af enzymer"
"";"dtu|dtupub|third_party";"";"2023-08-02T00:10:23.248Z";"Birch, Melissa";"";"2727470922";"";"dtu";"2023";"";"";"";"";"thesis";"dtu|dtu_electronic|dtupub|dtupub_electronic";"";"";"";"";"";"";"";"";"";"";"";"";"";"";"";"";"und";"64c99eee3733f61f4f8c3a22";"";"64c99eee3733f61f4f8c3a22";"DTU Department of Health Technology";"sorbit";"sorbit";"Assessing T cell clonality, distribution and function during health and Crohn's disease|Vurdering af T-celleklonalitet, distribution og funktion hos raske personer og Crohns sygdom"
"";"dtu|dtupub|third_party";"";"2022-05-23T11:09:46.572Z";"Pedersen, Stefan Skrydstrup|Fiasco, Marco";"";"2710231470";"";"dtu";"2022";"";"";"";"";"thesis";"dtu|dtu_electronic|dtupub|dtupub_electronic";"";"";"";"";"";"";"";"";"";"";"";"";"";"";"";"";"und";"628b6b7a58d5f617f246bda5";"";"628b6b7a58d5f617f246bda5";"DTU Department of Health Technology";"sorbit";"sorbit";"How uncertainty of hip joint center estimation effects knee joint loading|Hvordan usikkerheden omkring hofteled centerberegningen har betydning for knæleds belastning"
"";"dtu|dtupub|third_party";"";"2022-04-20T11:10:08.438Z";"Iyer, Sai Shaurya";"";"2709464370";"";"dtu";"2022";"";"";"";"";"thesis";"dtu|dtu_electronic|dtupub|dtupub_electronic";"";"";"";"";"";"";"";"";"";"";"";"";"";"";"";"";"und";"625fea07d2e6451146bbe3c4";"";"625fea07d2e6451146bbe3c4";"DTU Department of Electrical Engineering";"sorbit";"sorbit";"Opto-acoustic sensor fusion for underwater navigation and sea bottom mapping|Optisk og akustisk sensorfusion til undervandsnavigation og kortlægning af havbunden"
"";"dtu|dtupub|third_party";"";"2022-08-15T00:09:25.754Z";"Huld, Christoffer Juul";"";"2713140662";"";"dtu";"2022";"";"";"";"";"thesis";"dtu|dtu_electronic|dtupub|dtupub_electronic";"";"";"";"";"";"";"";"";"";"";"";"";"";"";"";"";"und";"62f98eb543534303a4a6fbcf";"";"62f98eb543534303a4a6fbcf";"DTU Department of Electrical and Photonics Engineering";"sorbit";"sorbit";"Designing nonlinear metasurfaces for UV light waves|Designing nonlinear metasurfaces for UV light waves"
"";"dtu|dtupub|third_party";"";"2022-08-01T00:09:42.250Z";"Dallabona, Alessio";"";"2712912564";"";"dtu";"2022";"";"";"";"";"thesis";"dtu|dtu_electronic|dtupub|dtupub_electronic";"";"";"";"";"";"";"";"";"";"";"";"";"";"";"";"";"und";"62e719c5a404caa4468ec317";"";"62e719c5a404caa4468ec317";"DTU Department of Civil and Mechanical Engineering";"sorbit";"sorbit";"Design and Implementation of an Electrical Drive Train for a Flywheel Energy Storage System|Design and Implementation of an Electrical Drive Train for a Flywheel Energy Storage System"
"";"dtu|dtupub|third_party";"";"2022-08-25T11:30:43.128Z";"Peshkepia, Evi";"";"2713316525";"";"dtu";"2022";"";"";"";"";"thesis";"dtu|dtu_electronic|dtupub_external";"";"";"";"";"";"";"";"";"";"";"";"";"";"";"";"";"und";"63056c4d31075c132533f6bb";"";"63056c4d31075c132533f6bb";"DTU Department of Chemical and Biochemical Engineering";"sorbit";"sorbit";"Enhancing chain elongation of syngas fermentation products|Forbedring af kædeforlængelse af syntesegas-fermenterings produkter"
"";"dtu|dtupub|third_party";"";"2022-04-19T11:09:59.730Z";"Sridhar, Rajat";"";"2709440884";"";"dtu";"2022";"";"";"";"";"thesis";"dtu|dtu_electronic|dtupub|dtupub_electronic";"";"";"";"";"";"";"";"";"";"";"";"";"";"";"";"";"und";"625e9886bad0d11146120a69";"";"625e9886bad0d11146120a69";"DTU Department of Civil and Mechanical Engineering";"sorbit";"sorbit";"Modeling and optimization of heat pump with integrated advanced heat storage|Modellering og optimering af varmepumpe integreret med avanceret varmelager"
"";"dtu|dtupub|third_party";"";"2022-04-11T11:09:58.207Z";"Iap, Jese Thomas Za";"";"2709247324";"";"dtu";"2022";"";"";"";"";"thesis";"dtu|dtu_electronic|dtupub|dtupub_electronic";"";"";"";"";"";"";"";"";"";"";"";"";"";"";"";"";"und";"62540c84c6ba6e11466f4bf1";"";"62540c84c6ba6e11466f4bf1";"DTU DTU National Food Institute";"sorbit";"sorbit";"Vitamin D in microalgae grown in the sun or under artificial light|D -vitamin i mikroalger dyrket i solen eller under kunstigt lys"
"";"dtu|dtupub|third_party";"";"2022-04-15T11:09:53.140Z";"Varling, Anna Sofie";"";"2709360796";"";"dtu";"2022";"";"";"";"";"thesis";"dtu|dtu_electronic|dtupub|dtupub_electronic";"";"";"";"";"";"";"";"";"";"";"";"";"";"";"";"";"und";"62595280023e06114643a227";"";"62595280023e06114643a227";"DTU Department of Environmental and Resource Engineering";"sorbit";"sorbit";"Life cycle assessment of biogas management scenarios in Denmark|Livscyklusvurdering af scenarier for handtering af biogas i Danmark"
"";"dtu|dtupub|third_party";"";"2022-03-22T12:09:56.643Z";"Lund, Bertram Leonard";"";"2708757301";"";"dtu";"2022";"";"";"";"";"thesis";"dtu|dtu_electronic|dtupub_external";"";"";"";"";"";"";"";"";"";"";"";"";"";"";"";"";"und";"6239bc93fc1024db7348d15d";"";"6239bc93fc1024db7348d15d";"DTU Department of Chemical and Biochemical Engineering";"sorbit";"sorbit";"Influence of system layout on phosphorous poisoning of Cu-SCR catalysts in close-coupled position|Indflydelse af system layout pa fosforforgiftning af Cu-SCR katalysatorer i close-coupled positionen"
"";"dtu|dtupub|third_party";"";"2022-04-06T11:10:03.306Z";"Rasmussen, Daniel Søndergaard";"";"2709139057";"";"dtu";"2022";"";"";"";"";"thesis";"dtu|dtu_electronic|dtupub|dtupub_electronic";"";"";"";"";"";"";"";"";"";"";"";"";"";"";"";"";"und";"624d7509c95db0106e11087b";"";"624d7509c95db0106e11087b";"DTU Department of Civil and Mechanical Engineering";"sorbit";"sorbit";"Cohesive web joints in wind turbine blades|Kohæsive web-samlinger i vindmøllevinger"
"";"dtu|dtupub|third_party";"";"2022-02-23T12:10:18.779Z";"Moszczynska, Natalia|Athanasopoulou, Olga|Orth, Rosalie Jeanne";"";"2707790628";"";"dtu";"2022";"";"";"";"";"thesis";"dtu|dtu_electronic|dtupub|dtupub_electronic";"";"";"";"";"";"";"";"";"";"";"";"";"";"";"";"";"und";"6216242a9841e1235e7b5168";"";"6216242a9841e1235e7b5168";"DTU Department of Applied Mathematics and Computer Science";"sorbit";"sorbit";"Human-Robot Collaboration via Planning and Plan Recognition|Menneske-robot samarbejde via planlægning og plangenkendelse"
"";"dtu|dtupub|third_party";"";"2023-07-08T00:11:00.832Z";"Tsiakoumi, Eirini";"";"2726960779";"";"dtu";"2023";"";"";"";"";"thesis";"dtu|dtu_electronic|dtupub|dtupub_electronic";"";"";"";"";"";"";"";"";"";"";"";"";"";"";"";"";"und";"64a8a9931697739152951c8e";"";"64a8a9931697739152951c8e";"DTU Department of Environmental and Resource Engineering";"sorbit";"sorbit";"Examination of fired clay bricks prior to potential reuse|Undersøgelse af mursten forud for potentiel genbrug"
"";"dtu|dtupub|third_party";"";"2023-08-22T00:11:27.182Z";"Bissett, Benjamin Wilson Windels";"";"2727821614";"";"dtu";"2023";"";"";"";"";"thesis";"dtu|dtu_electronic|dtupub_external";"";"";"";"";"";"";"";"";"";"";"";"";"";"";"";"";"und";"64e3fd2f27ff3d20524a2d3f";"";"64e3fd2f27ff3d20524a2d3f";"DTU Department of Applied Mathematics and Computer Science";"sorbit";"sorbit";"A framework for improving the cyber security posture of the Danish State Railways|Strukturering af forbedringen af de Danske Statsbaners cybersikkerhed"
"";"dtu|dtupub|third_party";"";"2023-01-26T01:09:19.163Z";"Cakir, Ahmed Furkan";"";"2718340532";"";"dtu";"2022";"";"";"";"";"thesis";"dtu|dtu_electronic|dtupub|dtupub_electronic";"";"";"";"";"";"";"";"";"";"";"";"";"";"";"";"";"und";"63d1d2bee6292c1e0403135e";"";"63d1d2bee6292c1e0403135e";"DTU Department of Environmental and Resource Engineering";"sorbit";"sorbit";"Life-cycle Assessment of Wind turbine blade recycling|Livscyklusvurdering af vindmøllevingers genanvendelse"
"";"dtu|dtupub|third_party";"";"2022-08-30T00:09:25.759Z";"Plaza, Guillem Vergés i";"";"2713397950";"";"dtu";"2022";"";"";"";"";"thesis";"dtu|dtu_electronic|dtupub|dtupub_electronic";"";"";"";"";"";"";"";"";"";"";"";"";"";"";"";"";"und";"630d5534af56b42511ede9e5";"";"630d5534af56b42511ede9e5";"DTU Department of Wind and Energy Systems";"sorbit";"sorbit";"Cross comparison and uncertainty quantification of aero-acoustic measurements performed in several wind tunnels|Krydsvalidering og usikkerhedsberegning af aero-akustiske malinger i flere vindtunneler"
"";"dtu|dtupub|third_party";"";"2023-02-22T01:09:48.930Z";"Larsen, Simone Mammen";"";"2718825083";"";"dtu";"2023";"";"";"";"";"thesis";"dtu|dtu_electronic|dtupub_external";"";"";"";"";"";"";"";"";"";"";"";"";"";"";"";"";"und";"63f56b5c7fac1291f7f1a92a";"";"63f56b5c7fac1291f7f1a92a";"DTU Department of Biotechnology and Biomedicine";"sorbit";"sorbit";"Isolation and characterization of IgG2/3 from camel milk/colostrum and its expected degradation pattern in the human gastrointestinal tract|Isolering og karakterisering af IgG2/3 fra kamelmælk/kolostrum og dets forventede nedbrydningsmønster i det humane mavetarmsystem"
"";"dtu|dtupub|third_party";"";"2023-09-06T00:09:38.883Z";"Færch, Camilla";"";"2728154063";"";"dtu";"2023";"";"";"";"";"thesis";"dtu|dtu_electronic|dtupub_external";"";"";"";"";"";"";"";"";"";"";"";"";"";"";"";"";"und";"64f7c342d3627322d1466175";"";"64f7c342d3627322d1466175";"DTU Department of Applied Mathematics and Computer Science";"sorbit";"sorbit";"Phishing Detection through Semantic Analysis of Emails|Phishing-detektion gennem semantisk analyse af e-mails"
"";"dtu|dtupub|third_party";"";"2023-02-22T01:09:33.265Z";"Salim, Marwa";"";"2718824896";"";"dtu";"2023";"";"";"";"";"thesis";"dtu|dtu_electronic|dtupub|dtupub_electronic";"";"";"";"";"";"";"";"";"";"";"";"";"";"";"";"";"und";"63f56b4d212d0691f787ae32";"";"63f56b4d212d0691f787ae32";"DTU Department of Environmental and Resource Engineering";"sorbit";"sorbit";"Life cycle assessment of management options for post-consumer textile waste|Livscyklusvurdering af handteringsmuligheder for post-consumer tekstilaffald"
"";"dtu|dtupub|third_party";"";"2023-02-21T01:09:29.523Z";"Laugesen, Asta Lili";"";"2718813926";"";"dtu";"2023";"";"";"";"";"thesis";"dtu|dtu_electronic|dtupub|dtupub_electronic";"";"";"";"";"";"";"";"";"";"";"";"";"";"";"";"";"und";"63f419c93125bf91f7996867";"";"63f419c93125bf91f7996867";"DTU Department of Health Technology";"sorbit";"sorbit";"Elucidating Phage Specificities for Bacterial Defense Systems in Coupled Virome-Metagenome Data|Undersøgelse af Bakteriofagers Specificitet for Bakterielle Immunforsvarssystemer i Virom og Metagenom Data"
"";"dtu|dtupub|third_party";"";"2022-08-12T00:10:16.006Z";"Odgaard, Mikkel Fruelund";"";"2713018328";"";"dtu";"2022";"";"";"";"";"thesis";"dtu|dtu_electronic|dtupub|dtupub_electronic";"";"";"";"";"";"";"";"";"";"";"";"";"";"";"";"";"und";"62f59a5fd549d503a48e917b";"";"62f59a5fd549d503a48e917b";"DTU Department of Applied Mathematics and Computer Science";"sorbit";"sorbit";"Multi-document abstractive summarization|Multi-dokument abstrakt opsummering"
"";"dtu|dtupub|third_party";"";"2023-05-09T00:09:27.589Z";"Yu, Yemu";"";"2724002591";"";"dtu";"2023";"";"";"";"";"thesis";"dtu|dtu_electronic|dtupub_external";"";"";"";"";"";"";"";"";"";"";"";"";"";"";"";"";"und";"64598f367b665f2aa583c3ed";"";"64598f367b665f2aa583c3ed";"DTU Department of Wind and Energy Systems";"sorbit";"sorbit";"Develop interface for integration of IoT devices in cloud for coupling district heating system with electric power system|Udvikle cloud-interface til integration af IoT-enheder til kobling af fjernvarmesystem med el-system"
"";"dtu|dtupub|third_party";"";"2022-08-01T00:10:16.661Z";"Fano, Alessandro";"";"2712912870";"";"dtu";"2022";"";"";"";"";"thesis";"dtu|dtu_electronic|dtupub|dtupub_electronic";"";"";"";"";"";"";"";"";"";"";"";"";"";"";"";"";"und";"62e719e896531ba4467f09e2";"";"62e719e896531ba4467f09e2";"DTU Department of Applied Mathematics and Computer Science";"sorbit";"sorbit";"Communication solution for IoT devices using the Toit programming language|Kommunikationsløsning til IoT-enheder med Toit-programmeringssproget"
"";"dtu|dtupub|third_party";"";"2022-09-27T00:09:41.082Z";"Houen, Magnus Trabolt";"";"2714065338";"";"dtu";"2022";"";"";"";"";"thesis";"dtu|dtu_electronic|dtupub_external";"";"";"";"";"";"";"";"";"";"";"";"";"";"";"";"";"und";"63323f45a56f3e33f9ccb885";"";"63323f45a56f3e33f9ccb885";"DTU Department of Civil and Mechanical Engineering";"sorbit";"sorbit";"Pendulum impact hammer tests on full size timber specimens|Forsøg med Pendulum Impact Hammer pa fuld-skala træbjælker"
"";"dtu|dtupub|third_party";"";"2022-04-20T11:10:09.074Z";"Madsen, Astrid Rosendal";"";"2709464393";"";"dtu";"2022";"";"";"";"";"thesis";"dtu|dtu_electronic|dtupub_external";"";"";"";"";"";"";"";"";"";"";"";"";"";"";"";"";"und";"625fea0896dc0c114608b560";"";"625fea0896dc0c114608b560";"DTU Department of Technology, Management and Economics";"sorbit";"sorbit";"Incorporation and insight evaluation of Agent-based modelling coupled with Supply Chain Optimization problems for Improved Decision making|Inkorporering og indsigtsevaluering af Agent-baseret modellering koblet med forsyningskædeoptimeringsproblemer til forbedret beslutningstagen"
"";"dtu|dtupub|third_party";"";"2022-07-18T00:09:35.846Z";"Jørgensen, Anders Juhl";"";"2712718155";"";"dtu";"2022";"";"";"";"";"thesis";"dtu|dtu_electronic|dtupub_external";"";"";"";"";"";"";"";"";"";"";"";"";"";"";"";"";"und";"62d4a4bf6cb60e54e48a7225";"";"62d4a4bf6cb60e54e48a7225";"DTU Department of Electrical Engineering";"sorbit";"sorbit";"Multi-Phase High Current Full Bridge System for Parallel Inductive Loads|Multi-fase Høj Strøms Fuldbro System til Parallel Inductive Belastninger"
"";"dtu|dtupub|third_party";"";"2022-09-22T00:09:30.817Z";"Kristjánsson, Teitur Óli";"";"2713928881";"";"dtu";"2022";"";"";"";"";"thesis";"dtu|dtu_electronic|dtupub|dtupub_electronic";"";"";"";"";"";"";"";"";"";"";"";"";"";"";"";"";"und";"632ba7ba47acd255fa6bb1c1";"";"632ba7ba47acd255fa6bb1c1";"DTU Department of Health Technology";"sorbit";"sorbit";"Investigation of survival rates and its dependices of sleep micro events and sleep data content|Undersøgelse af overlevelsesrate og dennes afhængighed af søvn events og søvndata indhold"
"";"dtu|dtupub|third_party";"";"2023-04-19T00:09:32.676Z";"Wesely, Kristòf";"";"2723669363";"";"dtu";"2023";"";"";"";"";"thesis";"dtu|dtu_electronic|dtupub_external";"";"";"";"";"";"";"";"";"";"";"";"";"";"";"";"";"und";"643f313921a93a68b15d34d5";"";"643f313921a93a68b15d34d5";"DTU Department of Electrical and Photonics Engineering";"sorbit";"sorbit";"Development of vertical takeoff and landing (VTOL) fixed wing drone for data collection|Udvikling af VTOL fixed wing drone til dataindsamling"
"";"dtu|dtupub|third_party";"";"2023-08-14T00:10:58.925Z";"Jensen, Per Kjeld";"";"2727634089";"";"dtu";"2023";"";"";"";"";"thesis";"dtu|dtu_electronic|dtupub|dtupub_electronic";"";"";"";"";"";"";"";"";"";"";"";"";"";"";"";"";"und";"64d97112f6363f2052fd9bf9";"";"64d97112f6363f2052fd9bf9";"DTU Department of Technology, Management and Economics";"sorbit";"sorbit";"Incentivising Startup Joiners|Incitament for Startup Joiners"
"";"dtu|dtupub|third_party";"";"2022-03-26T12:09:55.570Z";"Mansoa, Ismael Garrido";"";"2708838769";"";"dtu";"2022";"";"";"";"";"thesis";"dtu|dtu_electronic|dtupub_external";"";"";"";"";"";"";"";"";"";"";"";"";"";"";"";"";"und";"623f02938774f2db738be86f";"";"623f02938774f2db738be86f";"DTU Department of Electrical and Photonics Engineering";"sorbit";"sorbit";"Continuous Audio Quality Analysis in a cloud-based P25 System|Kontinuerlig lydkvalitetsanalyse i et skybaseret P25-system"
"";"dtu|dtupub|third_party";"";"2024-01-31T01:43:18.754Z";"Das, Akankshya";"";"2731308007";"";"dtu";"2023";"";"";"";"";"thesis";"dtu|dtu_electronic|dtupub|dtupub_electronic";"";"";"";"";"";"";"";"";"";"";"";"";"";"";"";"";"und";"65b99de3a85ba53e82678929";"";"65b99de3a85ba53e82678929";"DTU Department of Electrical and Photonics Engineering";"sorbit";"sorbit";"Comparative study of localisation systems for monitoring of mobile robots|Komparativ undersøgelse af lokaliseringssystemer til overvagning af mobile robotter"
"";"dtu|dtupub|third_party";"";"2023-02-28T01:09:51.693Z";"Engel, Nil Puig";"";"2719955144";"";"dtu";"2023";"";"";"";"";"thesis";"dtu|dtu_electronic|dtupub|dtupub_electronic";"";"";"";"";"";"";"";"";"";"";"";"";"";"";"";"";"und";"63fd545fbdb12391f70b4ee8";"";"63fd545fbdb12391f70b4ee8";"DTU Department of Chemical and Biochemical Engineering";"sorbit";"sorbit";"Conceptual design of a stem cell therapy production facility|Konceptuelt design af et produktionsanlæg til stamcelleterapi"
"";"dtu|dtupub|third_party";"";"2023-07-24T00:12:00.472Z";"Meyer, Selma Elisabeth Haslund";"";"2727253480";"";"dtu";"2023";"";"";"";"";"thesis";"dtu|dtu_electronic|dtupub|dtupub_electronic";"";"";"";"";"";"";"";"";"";"";"";"";"";"";"";"";"und";"64bdc1d0e671cf31312dd91d";"";"64bdc1d0e671cf31312dd91d";"DTU Department of Applied Mathematics and Computer Science";"sorbit";"sorbit";"Active learning for biomedical image segmentation using U-Net|Aktiv læring for segmentering af biomedicinske billeder via U-Net"
"";"dtu|dtupub|third_party";"";"2023-08-06T00:11:09.873Z";"Vujovits, András";"";"2727528794";"";"dtu";"2023";"";"";"";"";"thesis";"dtu|dtu_electronic|dtupub_external";"";"";"";"";"";"";"";"";"";"";"";"";"";"";"";"";"und";"64cee51d5e91921f4f1d0357";"";"64cee51d5e91921f4f1d0357";"DTU Department of Civil and Mechanical Engineering";"sorbit";"sorbit";"Implementation characterization and optimization of a combined additive subtractive electrochemical material processing system|Implementation characterization and optimization of a combined additive subtractive electrochemical material processing system"
"";"dtu|dtupub|third_party";"";"2022-09-27T00:09:31.146Z";"Frederiksen, Louise Pii|Skriver, Alberte Hjortgård";"";"2714065268";"";"dtu";"2022";"";"";"";"";"thesis";"dtu|dtu_electronic|dtupub|dtupub_electronic";"";"";"";"";"";"";"";"";"";"";"";"";"";"";"";"";"und";"63323f3ace6e0d33f9afae3c";"";"63323f3ace6e0d33f9afae3c";"DTU Department of Health Technology";"sorbit";"sorbit";"CRISPR/Cas9-mediated integration of gene elements in T cells|CRISPR/Cas9-medieret integration af gen-elementer i T-celler"
"";"dtu|dtupub|third_party";"";"2022-07-25T00:10:36.822Z";"Nagy, Olivér";"";"2712810205";"";"dtu";"2022";"";"";"";"";"thesis";"dtu|dtu_electronic|dtupub|dtupub_electronic";"";"";"";"";"";"";"";"";"";"";"";"";"";"";"";"";"und";"62dddf7c2391e454e44e4d74";"";"62dddf7c2391e454e44e4d74";"DTU Department of Electrical and Photonics Engineering";"sorbit";"sorbit";"Time-resolved ultra-broadband terahertz spectroscopy of 2D perovskites|Tidsopløst ultra-bredband terahertz spektroskopi af 2D perovskitter"
"";"dtu|dtupub|third_party";"";"2022-09-02T00:09:32.659Z";"Gaetani, Jacopo";"";"2713437206";"";"dtu";"2022";"";"";"";"";"thesis";"dtu|dtu_electronic|dtupub|dtupub_electronic";"";"";"";"";"";"";"";"";"";"";"";"";"";"";"";"";"und";"631149bc08a1563145a9f85e";"";"631149bc08a1563145a9f85e";"DTU Department of Electrical Engineering";"sorbit";"sorbit";"Deep stochastic image segmentation for autonomous robotic inspection|Deep stochastic image segmentation for autonomous robotic inspection"
"";"dtu|dtupub|third_party";"";"2022-08-12T00:10:15.494Z";"Bellati, Lucia";"";"2713018325";"";"dtu";"2022";"";"";"";"";"thesis";"dtu|dtu_electronic|dtupub_external";"";"";"";"";"";"";"";"";"";"";"";"";"";"";"";"";"und";"62f59a5fe081aa03a47837d9";"";"62f59a5fe081aa03a47837d9";"DTU Department of Electrical Engineering";"sorbit";"sorbit";"Design and simulation of utility scale solar power plant for compliance of grid codes|Design and simulation of utility scale solar power plant for compliance of grid codes"
"";"dtu|dtupub|third_party";"";"2022-08-12T00:10:13.783Z";"Bakouris, Christos";"";"2713018321";"";"dtu";"2022";"";"";"";"";"thesis";"dtu|dtu_electronic|dtupub|dtupub_electronic";"";"";"";"";"";"";"";"";"";"";"";"";"";"";"";"";"und";"62f59a5de8792e03a476ca90";"";"62f59a5de8792e03a476ca90";"DTU Department of Technology, Management and Economics";"sorbit";"sorbit";"Distribution network tariff allocation for different consumer and prosumer categories in Denmark|Distributionsnettakstfordeling for forskellige forbruger- og prosumerkategorier i Danmark"
"";"dtu|dtupub|third_party";"";"2023-09-17T00:09:26.687Z";"Earthy-Find, Matias Svava|Papageorgiou, Konstantinos";"";"2728352238";"";"dtu";"2023";"";"";"";"";"thesis";"dtu|dtu_electronic|dtupub_external";"";"";"";"";"";"";"";"";"";"";"";"";"";"";"";"";"und";"650643b5b165f512006bf801";"";"650643b5b165f512006bf801";"DTU Department of Technology, Management and Economics";"sorbit";"sorbit";"Robust Pricing of Sustainable Aviation Fuel|Robust prisfastsættelse af bæredygtigt flybrændstof"
"";"dtu|dtupub|third_party";"";"2023-09-01T00:09:22.393Z";"Shwani, Hazha";"";"2728030136";"";"dtu";"2023";"";"";"";"";"thesis";"dtu|dtu_electronic|dtupub|dtupub_electronic";"";"";"";"";"";"";"";"";"";"";"";"";"";"";"";"";"und";"64f12bb1ade30422a6b48325";"";"64f12bb1ade30422a6b48325";"DTU DTU National Food Institute";"sorbit";"sorbit";"The risk of using seaweed as food without taking into account the traditions of making seaweed dishes|Risikoen ved at anvende tang som fødevare uden at kende traditioner for fremstilling af tangretter"
"";"dtu|dtupub|third_party";"";"2023-09-30T00:09:17.485Z";"Liu, Xinyi";"";"2728796976";"";"dtu";"2023";"";"";"";"";"thesis";"dtu|dtu_electronic|dtupub|dtupub_electronic";"";"";"";"";"";"";"";"";"";"";"";"";"";"";"";"";"und";"6517672dec6a1103b33d3516";"";"6517672dec6a1103b33d3516";"DTU Department of Applied Mathematics and Computer Science";"sorbit";"sorbit";"Brain microstructure diffusion MR imaging with machine learning|Diffusion MR-billeddannelse af hjernens mikrostruktur med maskinlæring"
"";"dtu|dtupub|third_party";"";"2022-08-31T06:34:04.133Z";"Ohms, Frederik Krogh";"";"2713409581";"";"dtu";"2022";"";"";"";"";"thesis";"dtu|dtu_electronic|dtupub|dtupub_electronic";"";"";"";"";"";"";"";"";"";"";"";"";"";"";"";"";"und";"630ea6c39c7f392511201bb1";"";"630ea6c39c7f392511201bb1";"DTU Department of Civil and Mechanical Engineering";"sorbit";"sorbit";"Numerical analysis of a molten salt reactor power plant with thermal energy storage for increased power generation variability|Numerisk analyse af et smeltet salt-reaktor kraftværk med termisk energilagring for øget variabilitet af elproduktion"
"";"dtu|dtupub|third_party";"";"2022-08-12T00:10:06.796Z";"Regev, Yann";"";"2713018309";"";"dtu";"2022";"";"";"";"";"thesis";"dtu|dtu_electronic|dtupub|dtupub_electronic";"";"";"";"";"";"";"";"";"";"";"";"";"";"";"";"";"und";"62f59a5ad5461703a4c71dc8";"";"62f59a5ad5461703a4c71dc8";"DTU Department of Electrical and Photonics Engineering";"sorbit";"sorbit";"Optimization algorithms for maximizing efficiency of sum frequency generation in optical non linear crystal|Optimeringsalgoritmer til maksimering af sum-frekvensgenerering i ikke-lineære krystaller"
"";"dtu|dtupub|third_party";"";"2023-02-22T01:09:44.999Z";"Mizrahi-Werner, Alexander|Brønd, Gustav Ohlendorff";"";"2718825006";"";"dtu";"2023";"";"";"";"";"thesis";"dtu|dtu_electronic|dtupub_external";"";"";"";"";"";"";"";"";"";"";"";"";"";"";"";"";"und";"63f56b5847b59791f75bb28e";"";"63f56b5847b59791f75bb28e";"DTU Department of Electrical and Photonics Engineering";"sorbit";"sorbit";"Robust Visual SLAM and 3D photogrammetry for aquatic environments|Robust Visuel SLAM og 3D fotogrammetri for akvatiske omgivelser"
"";"dtu|dtupub|third_party";"";"2023-03-13T01:09:44.182Z";"Midjord, Laila Sofie|Gramhald-Nørland, Casper";"";"2720479723";"";"dtu";"2023";"";"";"";"";"thesis";"dtu|dtu_electronic|dtupub|dtupub_electronic";"";"";"";"";"";"";"";"";"";"";"";"";"";"";"";"";"und";"640e77d72b5c263a3fc2cb03";"";"640e77d72b5c263a3fc2cb03";"DTU Department of Technology, Management and Economics";"sorbit";"sorbit";"Production, Customer Validation, Market entry and Business strategy for the product DrinkSaver|Produktion, kundevalidering, markedsentre og forretningsstrategi for produktet DrinkSaver"
"";"dtu|dtupub|third_party";"";"2022-08-19T00:09:28.596Z";"Slotsbo, Anders";"";"2713227312";"";"dtu";"2022";"";"";"";"";"thesis";"dtu|dtu_electronic|dtupub|dtupub_electronic";"";"";"";"";"";"";"";"";"";"";"";"";"";"";"";"";"und";"62fed4b834e964132589c785";"";"62fed4b834e964132589c785";"DTU Department of Space Research and Space Technology";"sorbit";"sorbit";"Design of a Visual Inertial Odometry System for Autonomous Vehicles in GNSS-denied Environments|Design af Visuel Odometri system til autonome køretøjer i GNSS-blokerede omgivelser"
"";"dtu|dtupub|third_party";"";"2022-07-25T00:09:57.382Z";"Thomassen, Steffen Grundahl|Pedersen, Jonas";"";"2712810136";"";"dtu";"2022";"";"";"";"";"thesis";"dtu|dtu_electronic|dtupub|dtupub_electronic";"";"";"";"";"";"";"";"";"";"";"";"";"";"";"";"";"und";"62dddf5533234f54e4fa723f";"";"62dddf5533234f54e4fa723f";"DTU Department of Electrical Engineering";"sorbit";"sorbit";"Sizing and Performance Assessment of Battery Energy Storage Systems in Electric Vehicle Fast-charging Stations Powered by Renewable Energy Sources|Dimensionering og ydelsesvurdering af batterienergilagringssystemer i hurtig lade stationer til elbiler forsynet af vedvarende energikilder"
"";"dtu|dtupub|third_party";"";"2023-02-27T01:09:31.512Z";"Cigura, Azra";"";"2719627352";"";"dtu";"2023";"";"";"";"";"thesis";"dtu|dtu_electronic|dtupub|dtupub_electronic";"";"";"";"";"";"";"";"";"";"";"";"";"";"";"";"";"und";"63fc02c900761091f74c529a";"";"63fc02c900761091f74c529a";"DTU Department of Civil and Mechanical Engineering";"sorbit";"sorbit";"Development of corrosion test methods for replicating field failures of hearing aids|Udvikling af test metoder til at simulere fejl i høreapparater"
"";"dtu|dtupub|third_party";"";"2023-02-28T01:09:42.967Z";"Villesen, Ida Bukh|Hansen, Helena Charlotte";"";"2719955076";"";"dtu";"2023";"";"";"";"";"thesis";"dtu|dtu_electronic|dtupub|dtupub_electronic";"";"";"";"";"";"";"";"";"";"";"";"";"";"";"";"";"und";"63fd545540e40491f7cc0de3";"";"63fd545540e40491f7cc0de3";"DTU Department of Applied Mathematics and Computer Science";"sorbit";"sorbit";"Data-driven digital twins for monitoring and control of electricity distribution net|Data-drevne digitale tvillinger for overvagning og styring af elnet"
"";"dtu|dtupub|third_party";"";"2023-07-17T00:10:47.458Z";"Àvila, Marcel Solé";"";"2727113782";"";"dtu";"2023";"";"";"";"";"thesis";"dtu|dtu_electronic|dtupub|dtupub_electronic";"";"";"";"";"";"";"";"";"";"";"";"";"";"";"";"";"und";"64b48707034cf49152a87945";"";"64b48707034cf49152a87945";"DTU Department of Applied Mathematics and Computer Science";"sorbit";"sorbit";"Multi-stage bidding optimization of electrolysers under uncertainty in electricity markets|Flertrinsoptimering af udbud af elektrolysatorer under usikkerhed pa elmarkederne"
"";"dtu|dtupub|third_party";"";"2023-07-24T00:11:38.689Z";"Hvidberg, Julie Lærke";"";"2727253443";"";"dtu";"2023";"";"";"";"";"thesis";"dtu|dtu_electronic|dtupub|dtupub_electronic";"";"";"";"";"";"";"";"";"";"";"";"";"";"";"";"";"und";"64bdc1ba6cfc82313109479f";"";"64bdc1ba6cfc82313109479f";"DTU Department of Civil and Mechanical Engineering";"sorbit";"sorbit";"Study on the fire resistance of multi-layered glass panes used in low-energy windows|Undersøgelse af brandsikkerheden ved flerlags glasruder anvendt i lavenergivinduer"
"";"dtu|dtupub|third_party";"";"2023-08-27T00:09:18.098Z";"Friis, Rasmus Juel|Sjøgren, Xenia Bonnén";"";"2727903483";"";"dtu";"2023";"";"";"";"";"thesis";"dtu|dtu_electronic|dtupub|dtupub_electronic";"";"";"";"";"";"";"";"";"";"";"";"";"";"";"";"";"und";"64ea942db8254520526cd93c";"";"64ea942db8254520526cd93c";"DTU Department of Chemical and Biochemical Engineering";"sorbit";"sorbit";"Carbon capture from biogas using innovative solvents: Modelling and experiments|CO2 fangst fra biogas med innovative solventer: modellering og eksperimenter"
"";"dtu|dtupub|third_party";"";"2023-09-23T00:09:26.910Z";"Dionisio, Edoardo";"";"2728467653";"";"dtu";"2023";"";"";"";"";"thesis";"dtu|dtu_electronic|dtupub|dtupub_electronic";"";"";"";"";"";"";"";"";"";"";"";"";"";"";"";"";"und";"650e2cb5e27390cab1a864e0";"";"650e2cb5e27390cab1a864e0";"DTU Department of Health Technology";"sorbit";"sorbit";"Generation and evaluation of antigen-scaffold-expanded TCR CRISPR knockin T cells|Produktion og evaluering af antigen-scaffold-medieret TCR CRISPR knockin T celler"
"";"dtu|dtupub|third_party";"";"2023-08-01T00:10:58.663Z";"Farah, Abdirisaq Abdiqadir Mohamud|Nielsen, Martin Daniel";"";"2727448264";"";"dtu";"2023";"";"";"";"";"thesis";"dtu|dtu_electronic|dtupub|dtupub_electronic";"";"";"";"";"";"";"";"";"";"";"";"";"";"";"";"";"und";"64c84d9298464a1f4f849c8a";"";"64c84d9298464a1f4f849c8a";"DTU Department of Applied Mathematics and Computer Science";"sorbit";"sorbit";"Towards developing realistic datasets for evaluating intrusion detection systems|Towards developing realistic datasets for evaluating intrusion detection systems"
"";"dtu|dtupub|third_party";"";"2023-08-21T00:11:06.796Z";"Husum, Lucas Alexander";"";"2727790421";"";"dtu";"2023";"";"";"";"";"thesis";"dtu|dtu_electronic|dtupub_external";"";"";"";"";"";"";"";"";"";"";"";"";"";"";"";"";"und";"64e2ab9ae0e75e2052b7f602";"";"64e2ab9ae0e75e2052b7f602";"DTU Department of Health Technology";"sorbit";"sorbit";"The effect of DRUGNAME in a mouse model of neuroinflammation|Effekten af LÆGEMIDDEL i en neuroinflamations sygdoms model"
"";"dtu|dtupub|third_party";"";"2022-08-12T00:09:43.736Z";"Sehested, Anders Vingaard";"";"2713018273";"";"dtu";"2022";"";"";"";"";"thesis";"dtu|dtu_electronic|dtupub|dtupub_electronic";"";"";"";"";"";"";"";"";"";"";"";"";"";"";"";"";"und";"62f59a471492bc03a49dbb8a";"";"62f59a471492bc03a49dbb8a";"DTU Department of Space Research and Space Technology";"sorbit";"sorbit";"Satellite tracking and Identification|Satellit tracking og ID"
"";"dtu|dtupub|third_party";"";"2022-04-03T11:09:53.303Z";"Menzer, Rasmus Stengade";"";"2709078120";"";"dtu";"2022";"";"";"";"";"thesis";"dtu|dtu_electronic|dtupub_external";"";"";"";"";"";"";"";"";"";"";"";"";"";"";"";"";"und";"6249807f62b461f9773d775b";"";"6249807f62b461f9773d775b";"DTU Department of Applied Mathematics and Computer Science";"sorbit";"sorbit";"Model Predictive Control for Ammonia Ship Engines|Model prædiktiv regulering af ammoniak skibsmotorer"
"";"dtu|dtupub|third_party";"";"2022-10-14T00:09:32.303Z";"Nørgaard, Morten|Grønvald, Jakob Meinertz";"";"2714371853";"";"dtu";"2022";"";"";"";"";"thesis";"dtu|dtu_electronic|dtupub_external";"";"";"";"";"";"";"";"";"";"";"";"";"";"";"";"";"und";"6348a8bb41db93df3b33235d";"";"6348a8bb41db93df3b33235d";"DTU Department of Civil and Mechanical Engineering";"sorbit";"sorbit";"Development of a Modular Design of Pump Stations at Tetra Pak|Udvikling af modulært pumpedesign hos Tetra Pak"
"";"dtu|dtupub|third_party";"";"2022-08-19T00:09:32.961Z";"Gascue, Alexander Iriondo";"";"2713228016";"";"dtu";"2022";"";"";"";"";"thesis";"dtu|dtu_electronic|dtupub|dtupub_electronic";"";"";"";"";"";"";"";"";"";"";"";"";"";"";"";"";"und";"62fed4bc0a28b4132552241a";"";"62fed4bc0a28b4132552241a";"DTU Department of Electrical Engineering";"sorbit";"sorbit";"Grid impacts from combinations of marked-based electric vehicle charging profiles|Pavirkning af elnettet ved kombinationer af markedsbaserede elbils opladningsprofiler"
"";"dtu|dtupub|third_party";"";"2022-09-01T00:09:30.928Z";"Wikarská, Dagmar";"";"2713424756";"";"dtu";"2022";"";"";"";"";"thesis";"dtu|dtu_electronic|dtupub|dtupub_electronic";"";"";"";"";"";"";"";"";"";"";"";"";"";"";"";"";"und";"630ff83adae71331452c9286";"";"630ff83adae71331452c9286";"DTU Department of Applied Mathematics and Computer Science";"sorbit";"sorbit";"Filtering as a Method Towards Agile Security Requirements Engineering|Filtering as a Method Towards Agile Security Requirements Engineering"
"";"dtu|dtupub|third_party";"";"2022-07-25T00:10:22.280Z";"Tomulic, Petra";"";"2712810173";"";"dtu";"2022";"";"";"";"";"thesis";"dtu|dtu_electronic|dtupub|dtupub_electronic";"";"";"";"";"";"";"";"";"";"";"";"";"";"";"";"";"und";"62dddf6ea0492e54e4cb319f";"";"62dddf6ea0492e54e4cb319f";"DTU Department of Environmental and Resource Engineering";"sorbit";"sorbit";"Bestemmelse af bionedbrydningskinetik for essentielle olier i lukkede tests med slam fra vandrensningsanlæg|Determining the aerobic biodegradation kinetics of essential oils in closed tests with WWTP sludge."
"";"dtu|dtupub|third_party";"";"2022-09-16T00:09:28.610Z";"Eriksen, Alexander";"";"2713787532";"";"dtu";"2022";"";"";"";"";"thesis";"dtu|dtu_electronic|dtupub|dtupub_electronic";"";"";"";"";"";"";"";"";"";"";"";"";"";"";"";"";"und";"6323beb719709655fa103390";"";"6323beb719709655fa103390";"DTU Department of Applied Mathematics and Computer Science";"sorbit";"sorbit";"Master thesis on functional data analysis|Speciale om funktional dataanalyse"
"";"dtu|dtupub|third_party";"";"2022-05-19T11:09:50.261Z";"Jia, Chenxue";"";"2710138301";"";"dtu";"2022";"";"";"";"";"thesis";"dtu|dtu_electronic|dtupub_external";"";"";"";"";"";"";"";"";"";"";"";"";"";"";"";"";"und";"6286257dd695c017b97f5631";"";"6286257dd695c017b97f5631";"DTU Department of Applied Mathematics and Computer Science";"sorbit";"sorbit";"Image Analysis for Control and Optimisation in Recirculation Aquaculture Systems|Billedanalyse til styring og optimering i recirkulerende fiskeopdrætssystemer"
"";"dtu|dtupub|third_party";"";"2023-09-20T00:09:37.950Z";"Nikolos, Andronikos";"";"2728423489";"";"dtu";"2023";"";"";"";"";"thesis";"dtu|dtu_electronic|dtupub|dtupub_electronic";"";"";"";"";"";"";"";"";"";"";"";"";"";"";"";"";"und";"650a38411a8428566b7b5f24";"";"650a38411a8428566b7b5f24";"DTU Department of Technology, Management and Economics";"sorbit";"sorbit";"An analysis on the barriers of Electric Vehicle demand across enthusiasts and skeptics|An analysis on the barriers of Electric Vehicle demand across enthusiasts and skeptics"
"";"dtu|dtupub|third_party";"";"2022-09-15T00:09:34.306Z";"Mollerup, Jacob Elskær";"";"2713749578";"";"dtu";"2022";"";"";"";"";"thesis";"dtu|dtu_electronic|dtupub|dtupub_electronic";"";"";"";"";"";"";"";"";"";"";"";"";"";"";"";"";"und";"63226d3e01a1d055fa027a15";"";"63226d3e01a1d055fa027a15";"DTU Department of Biotechnology and Biomedicine";"sorbit";"sorbit";"Coupling of omics data|Kobling af omics data"
"";"dtu|dtupub|third_party";"";"2022-08-25T11:30:42.650Z";"Garcia, Marc Bernet I";"";"2713316499";"";"dtu";"2022";"";"";"";"";"thesis";"dtu|dtu_electronic|dtupub|dtupub_electronic";"";"";"";"";"";"";"";"";"";"";"";"";"";"";"";"";"und";"63041ab77e20f913256e1b70";"";"63041ab77e20f913256e1b70";"DTU Department of Physics";"sorbit";"sorbit";"Microfabrication and characterisation of oxide gratings|Mikrofabrikation og karakterisering af oxid gitter."
"";"dtu|dtupub|third_party";"";"2023-08-20T00:11:00.606Z";"Brejner, Marc Kaa|Gernsøe, Christian";"";"2727784015";"";"dtu";"2023";"";"";"";"";"thesis";"dtu|dtu_electronic|dtupub|dtupub_electronic";"";"";"";"";"";"";"";"";"";"";"";"";"";"";"";"";"und";"64e15a144181662052fe9d30";"";"64e15a144181662052fe9d30";"DTU Department of Applied Mathematics and Computer Science";"sorbit";"sorbit";"L: A Gradually Complied Programming Language|L: Et Gradvist Kompileret Programmerings Sprog"
"";"dtu|dtupub|third_party";"";"2022-04-29T11:09:57.479Z";"Bhole, Sarthak Arvind";"";"2709683526";"";"dtu";"2022";"";"";"";"";"thesis";"dtu|dtu_electronic|dtupub|dtupub_electronic";"";"";"";"";"";"";"";"";"";"";"";"";"";"";"";"";"und";"626bc78403f0e31146da7fa8";"";"626bc78403f0e31146da7fa8";"DTU Department of Electrical Engineering";"sorbit";"sorbit";"Detection of Crowd Dynamics in Trains|Detektion af personers bevægelsesdynamik i toge"
"";"dtu|dtupub|third_party";"";"2023-03-23T01:09:34.913Z";"Skov, Tobias";"";"2723158350";"";"dtu";"2023";"";"";"";"";"thesis";"dtu|dtu_electronic|dtupub_external";"";"";"";"";"";"";"";"";"";"";"";"";"";"";"";"";"und";"641ba6ce4a5d063c2960a832";"";"641ba6ce4a5d063c2960a832";"DTU Department of Electrical and Photonics Engineering";"sorbit";"sorbit";"Quality inspection using visual anomaly detection|Quality inspection using visual anomaly detection"
"";"dtu|dtupub|third_party";"";"2023-03-17T01:09:33.269Z";"Jacobsen, Lasse Yori";"";"2720877971";"";"dtu";"2023";"";"";"";"";"thesis";"dtu|dtu_electronic|dtupub_external";"";"";"";"";"";"";"";"";"";"";"";"";"";"";"";"";"und";"6413bdccedc2073abbab0c06";"";"6413bdccedc2073abbab0c06";"DTU Department of Electrical and Photonics Engineering";"sorbit";"sorbit";"Development of a beamforming microphone array for estimation of pressure contribution from environmental noise sources|Udvikling af et beamforming mikrofonarray til præcis estimation af pavirkning fra støjende kilder"
"";"dtu|dtupub|third_party";"";"2022-07-25T00:10:42.752Z";"Karlsson, Oliver Kjæp";"";"2712810217";"";"dtu";"2022";"";"";"";"";"thesis";"dtu|dtu_electronic|dtupub_external";"";"";"";"";"";"";"";"";"";"";"";"";"";"";"";"";"und";"62dddf82a87eab54e4d3468d";"";"62dddf82a87eab54e4d3468d";"DTU Department of Technology, Management and Economics";"sorbit";"sorbit";"Artificial Intelligence for Mergers & Acquisitions|Kunstig intelligens i virksomhedsopkøb og sammenlægning"
"";"dtu|dtupub|third_party";"";"2022-07-24T00:10:16.511Z";"Artal, Pere Camprubi";"";"2712806155";"";"dtu";"2022";"";"";"";"";"thesis";"dtu|dtu_electronic|dtupub|dtupub_electronic";"";"";"";"";"";"";"";"";"";"";"";"";"";"";"";"";"und";"62dc8de8b3b73154e4557da3";"";"62dc8de8b3b73154e4557da3";"DTU Department of Electrical Engineering";"sorbit";"sorbit";"Self-stabilized Stretcher for Rescue Operations|Selv-balaceret bare til redningsoperationer"
"";"dtu|dtupub|third_party";"";"2023-10-11T00:09:18.740Z";"Senden, Nienke";"";"2729027471";"";"dtu";"2023";"";"";"";"";"thesis";"dtu|dtu_electronic|dtupub|dtupub_electronic";"";"";"";"";"";"";"";"";"";"";"";"";"";"";"";"";"und";"6525e7ae16b7dd1b72aa43e7";"";"6525e7ae16b7dd1b72aa43e7";"DTU Department of Wind and Energy Systems";"sorbit";"sorbit";"Structural load analysis and optimization of the VAWT design|Strukturel optimering og lastanalyse af en VAWT mølle"
"";"dtu|dtupub|third_party";"";"2023-07-24T00:12:39.151Z";"Jørgensen, Mads Seydel";"";"2727253561";"";"dtu";"2023";"";"";"";"";"thesis";"dtu|dtu_electronic|dtupub|dtupub_electronic";"";"";"";"";"";"";"";"";"";"";"";"";"";"";"";"";"und";"64bdc1f7158ac4313198c1d7";"";"64bdc1f7158ac4313198c1d7";"DTU Department of Applied Mathematics and Computer Science";"sorbit";"sorbit";"Distance Oracles in Theory and Practice|Afstandsorakler i teori og praksis"
"";"dtu|dtupub|third_party";"";"2022-03-04T12:10:01.051Z";"Stranddorf, Liv Kristensen";"";"2708239179";"";"dtu";"2022";"";"";"";"";"thesis";"dtu|dtu_electronic|dtupub|dtupub_electronic";"";"";"";"";"";"";"";"";"";"";"";"";"";"";"";"";"und";"622201980ec3c254d8f9f115";"";"622201980ec3c254d8f9f115";"DTU Department of Technology, Management and Economics";"sorbit";"sorbit";"Evaluation of life-cycle impacts of European electricity generation in relation to the Planetary Boundaries|Evaluering af livscykluspavirkninger af Europæisk elproduktion i forhold til planetariske grænser"
"";"dtu|dtupub|third_party";"";"2023-10-10T00:09:19.060Z";"Gazca, Ivan Horacio Rosano";"";"2729019671";"";"dtu";"2023";"";"";"";"";"thesis";"dtu|dtu_electronic|dtupub|dtupub_electronic";"";"";"";"";"";"";"";"";"";"";"";"";"";"";"";"";"und";"6524962ee474e21b72f7ed57";"";"6524962ee474e21b72f7ed57";"DTU Department of Chemical and Biochemical Engineering";"sorbit";"sorbit";"Optimizing protein and biomass yield by submerged fermentation of Aspergillus oryzae from beet molasses as main carbon source|Optimering af protein- og biomasseudbytte ved fermentering af Aspergillus oryzae fra roemelasse som hovedkulstofkilde"
"";"dtu|dtupub|third_party";"";"2022-07-25T00:10:42.739Z";"Jeza, Alec Putrih";"";"2712810216";"";"dtu";"2022";"";"";"";"";"thesis";"dtu|dtu_electronic|dtupub|dtupub_electronic";"";"";"";"";"";"";"";"";"";"";"";"";"";"";"";"";"und";"62dddf8284e68154e44389cb";"";"62dddf8284e68154e44389cb";"DTU Department of Technology, Management and Economics";"sorbit";"sorbit";"Coordination and control in Self-managing organizations|Koordination og kontrol i selvledende organisationer"
"";"dtu|dtupub|third_party";"";"2023-07-24T00:12:05.437Z";"Bescos, Leyre Azcarate";"";"2727253492";"";"dtu";"2023";"";"";"";"";"thesis";"dtu|dtu_electronic|dtupub_external";"";"";"";"";"";"";"";"";"";"";"";"";"";"";"";"";"und";"64bdc1d590f1103131b19f93";"";"64bdc1d590f1103131b19f93";"DTU Department of Health Technology";"sorbit";"sorbit";"Investigation of the mechanical tissue response when pressing a shield-triggered autoinjector into the abdomen|Undersøgelse af vævs mekaniske respons ved anvendelse af skjoldaktiveret auto-injector pa abdomen"
"";"dtu|dtupub|third_party";"";"2022-08-12T00:10:14.658Z";"Petersson, Tino";"";"2713018322";"";"dtu";"2022";"";"";"";"";"thesis";"dtu|dtu_electronic|dtupub_external";"";"";"";"";"";"";"";"";"";"";"";"";"";"";"";"";"und";"62f59a5edaf86103a45c9b1d";"";"62f59a5edaf86103a45c9b1d";"DTU Department of Chemistry";"sorbit";"sorbit";"Development of autophagy modulators for the treatment of neurodegenerative diseases|Udvikling af autofagi modulatorer til behandling af neurodegenerative sygdomme"
"";"dtu|dtupub|third_party";"";"2023-04-26T00:09:34.493Z";"Minis, Raphael";"";"2723771230";"";"dtu";"2023";"";"";"";"";"thesis";"dtu|dtu_electronic|dtupub|dtupub_electronic";"";"";"";"";"";"";"";"";"";"";"";"";"";"";"";"";"und";"64486bbeb673cf11c27509f9";"";"64486bbeb673cf11c27509f9";"DTU Department of Environmental and Resource Engineering";"sorbit";"sorbit";"Methodology development for decarbonization roadmaps for companies in sustainability transformation projects|Methodology development for decarbonization roadmaps for companies in sustainability transformation projects"
"";"dtu|dtupub|third_party";"";"2022-02-23T12:10:17.968Z";"Clifford, Joakim Nøddeskov";"";"2707790621";"";"dtu";"2022";"";"";"";"";"thesis";"dtu|dtu_electronic|dtupub|dtupub_electronic";"";"";"";"";"";"";"";"";"";"";"";"";"";"";"";"";"und";"6216242882ebae235e51e8c3";"";"6216242882ebae235e51e8c3";"DTU Department of Health Technology";"sorbit";"sorbit";"Improved prediction of B-cell epitopes using deep learning and NLP|Forbedret forudsigelse af B-celle epitoper vha deep learning og NLP"
"";"dtu|dtupub|third_party";"";"2023-07-07T00:10:56.873Z";"Persault, Margaux Renée Geneviéve";"";"2726945101";"";"dtu";"2023";"";"";"";"";"thesis";"dtu|dtu_electronic|dtupub_external";"";"";"";"";"";"";"";"";"";"";"";"";"";"";"";"";"und";"64a75810bbd4d9915264647f";"";"64a75810bbd4d9915264647f";"DTU Department of Technology, Management and Economics";"sorbit";"sorbit";"Client relationship and value: Lead scoring in banking|Kundeforhold og værdi: Lead scoring i bankvæsenet"
"";"dtu|dtupub|third_party";"";"2023-09-01T00:09:25.439Z";"Li, Chunxue";"";"2728030152";"";"dtu";"2023";"";"";"";"";"thesis";"dtu|dtu_electronic|dtupub|dtupub_electronic";"";"";"";"";"";"";"";"";"";"";"";"";"";"";"";"";"und";"64f12bb5aa04db22a6c52dbc";"";"64f12bb5aa04db22a6c52dbc";"DTU Department of Applied Mathematics and Computer Science";"sorbit";"sorbit";"EEG-based Authentication With Transformer|EEG-baseret godkendelse med transformer"
"";"dtu|dtupub|third_party";"";"2022-07-18T00:09:41.929Z";"Roselló, Maria Elena Chirivella";"";"2712718168";"";"dtu";"2022";"";"";"";"";"thesis";"dtu|dtu_electronic|dtupub_external";"";"";"";"";"";"";"";"";"";"";"";"";"";"";"";"";"und";"62d4a4c5f0253954e4e8e86c";"";"62d4a4c5f0253954e4e8e86c";"DTU Department of Technology, Management and Economics";"sorbit";"sorbit";"Analysis and optimization of Nespresso's warehouse operations using simulation|Analyse og optimering af Nespresso lageroperationer ved hjælp af simulering"
"";"dtu|dtupub|third_party";"";"2022-02-01T12:42:02.527Z";"Rahbek, Leah";"";"2706296924";"";"dtu";"2022";"";"";"";"";"thesis";"dtu|dtu_electronic|dtupub_external";"";"";"";"";"";"";"";"";"";"";"";"";"";"";"";"";"und";"61f9233993773717cdfa11fe";"";"61f9233993773717cdfa11fe";"DTU Department of Biotechnology and Biomedicine";"sorbit";"sorbit";"Molecular and fermentation-based optimization of yeast cell factories for heterologous protein production|Molekylær- og fermenteringsbaseret optimering af gærcellefabrikker til heterolog proteinproduktion"
"";"dtu|dtupub|third_party";"";"2023-03-08T01:09:33.416Z";"Espinoza, Nikolaj Victor Nielsen";"";"2720326072";"";"dtu";"2023";"";"";"";"";"thesis";"dtu|dtu_electronic|dtupub_external";"";"";"";"";"";"";"";"";"";"";"";"";"";"";"";"";"und";"6407e04d5291ad3c969f347c";"";"6407e04d5291ad3c969f347c";"DTU Department of Applied Mathematics and Computer Science";"sorbit";"sorbit";"Automated detection of football goal for camera calibration|Automatisk detektion af fodboldmal for kamerakalibrering"
"";"dtu|dtupub|third_party";"";"2022-07-31T00:09:53.301Z";"Wahlberg, Simon";"";"2712907542";"";"dtu";"2022";"";"";"";"";"thesis";"dtu|dtu_electronic|dtupub|dtupub_electronic";"";"";"";"";"";"";"";"";"";"";"";"";"";"";"";"";"und";"62e5c851d62da5a446bb7981";"";"62e5c851d62da5a446bb7981";"DTU Department of Electrical Engineering";"sorbit";"sorbit";"Parameter inconsistencies between simulations and measurements in loudspeakers|Parameter uoverensstemmelser mellem simuleringer og malinger i højttalere"
"";"dtu|dtupub|third_party";"";"2023-02-13T13:57:16.200Z";"Hvidkjær, Signe";"";"2718659768";"";"dtu";"2023";"";"";"";"";"thesis";"dtu|dtu_electronic|dtupub_external";"";"";"";"";"";"";"";"";"";"";"";"";"";"";"";"";"und";"63e98dc97310182dce72e25b";"";"63e98dc97310182dce72e25b";"DTU Department of Electrical and Photonics Engineering";"sorbit";"sorbit";"Developing an auditory virtual reality model using wave-based numerical methods|Udvikling af en auditiv virtual reality model ved brug af bølgebaserede numeriske metoder"
"";"dtu|dtupub|third_party";"";"2023-08-01T00:12:02.430Z";"Moliner, Jose Artiz";"";"2727448843";"";"dtu";"2023";"";"";"";"";"thesis";"dtu|dtu_electronic|dtupub|dtupub_electronic";"";"";"";"";"";"";"";"";"";"";"";"";"";"";"";"";"und";"64c84dd2d628531f4f1256b7";"";"64c84dd2d628531f4f1256b7";"DTU Department of Electrical and Photonics Engineering";"sorbit";"sorbit";"Modelling and Identification of Dynamic Friction|Modellering og identificering af dynamisk friktion"
"The aim of this thesis was to examine whether it is beneficial to automate yeast <br/>transformation protocol and what benefits and limitations it might have. There is <br/>variation in pipetting techniques between people, and with automation it is possible to remove the variation. In addition, larger the sample sizes and smaller the pipetting volumes, the more useful automation becomes especially with highthroughput analysis. A quantitative research method was used in this study as the manual and automated transformation methods were compared. It was possible to get clear results and data from the methods. Saccharomyces cerevisiae yeast was selected to be transformed with an empty plasmid pYX212 with lithium acetate/ PEG method. Transformation mix was done with pipetting of different liquids either manually or with using liquid-handling robots. Colonies were calculated using a cell clicker, and transformation efficiency, active time and total time were compared between manual and automated methods. It is concluded that automation of yeast transformation is useful especially with larger sample sets saving active time and preventing from work-related repetitive strain injuries. Transformation efficiency was better with manual method, but the time for developing automated method was limited and the protocol can be further <br/>developed to work better.<br/>";"dtu|dtupub";"";"2023-03-11T01:09:37.580Z";"Norrbacka, Susanna";"";"2720448208";"";"dtu";"2022";"";"";"";"";"thesis";"dtu|dtu_electronic|dtupub|dtupub_electronic";"";"";"";"";"";"";"";"";"";"";"";"";"";"PEG|Saccharomyces cerevisiae|liquid-handling robot|lithium acetate|yeast transformation";"PEG|Saccharomyces cerevisiae|liquid-handling robot|lithium acetate|yeast transformation";"PEG|Saccharomyces cerevisiae|liquid-handling robot|lithium acetate|yeast transformation";"eng";"640bd4d195691a3a3e9a3f49";"";"640bd4d195691a3a3e9a3f49";"Tampereen ammattikorkeakoulu";"vtt";"vtt";"Developing Automation for Microbial Engineering"
"";"dtu|dtupub|third_party";"";"2022-06-28T06:58:24.986Z";"Nielsen, Daniel Munch";"";"2712260585";"";"dtu";"2022";"";"";"";"";"thesis";"dtu|dtu_electronic|dtupub|dtupub_electronic";"";"";"";"";"";"";"";"";"";"";"";"";"";"";"";"";"und";"62b98ffbcc300520666ed907";"";"62b98ffbcc300520666ed907";"DTU Department of Applied Mathematics and Computer Science";"sorbit";"sorbit";"Tropical geometry and geometric singular perturbation theory with applications in biology|Tropisk geometri og geometrisk singulær perturbationsteori med anvendelser i biologi"
"";"dtu|dtupub|third_party";"";"2022-08-03T00:09:31.305Z";"Papaioannou, Maria Konstantina";"";"2712960696";"";"dtu";"2022";"";"";"";"";"thesis";"dtu|dtu_electronic|dtupub|dtupub_electronic";"";"";"";"";"";"";"";"";"";"";"";"";"";"";"";"";"und";"62e9bcba7c9654a44647ba6c";"";"62e9bcba7c9654a44647ba6c";"DTU Department of Technology, Management and Economics";"sorbit";"sorbit";"Impact of remote work on Novo Nordisk workforce|Impact of remote work on Novo Nordisk workforce"
"";"dtu|dtupub|third_party";"";"2022-08-31T06:34:04.419Z";"Weng, Nina";"";"2713409654";"";"dtu";"2022";"";"";"";"";"thesis";"dtu|dtu_electronic|dtupub|dtupub_electronic";"";"";"";"";"";"";"";"";"";"";"";"";"";"";"";"";"und";"630ea6c73100cc25114524ec";"";"630ea6c73100cc25114524ec";"DTU Department of Applied Mathematics and Computer Science";"sorbit";"sorbit";"Explainability in Deep Learning for Prediction of Gaze Position from EEG Data|Forklarlighed i dyb læring ved prædiktion af øjenbevægelser ud fra EEG data"
"";"dtu|dtupub|third_party";"";"2023-09-06T00:09:37.030Z";"Olsen, Jan|Yatman, Thomas Richard";"";"2728154041";"";"dtu";"2023";"";"";"";"";"thesis";"dtu|dtu_electronic|dtupub_external";"";"";"";"";"";"";"";"";"";"";"";"";"";"";"";"";"und";"64f7c3407cdc9b22d1697f34";"";"64f7c3407cdc9b22d1697f34";"DTU Department of Electrical and Photonics Engineering";"sorbit";"sorbit";"Autonomous drone navigation for inspection of photovoltaic panels|Autonom drone navigation til inspektion af solceller"
"";"dtu|dtupub|third_party";"";"2023-08-20T00:11:00.340Z";"Ørslund, Maja";"";"2727784013";"";"dtu";"2023";"";"";"";"";"thesis";"dtu|dtu_electronic|dtupub|dtupub_electronic";"";"";"";"";"";"";"";"";"";"";"";"";"";"";"";"";"und";"64e15a14a9b9df2052b895d8";"";"64e15a14a9b9df2052b895d8";"DTU Department of Applied Mathematics and Computer Science";"sorbit";"sorbit";"Assessment of the loan performance in households using supervised machine learning utilizing demographic and real estate data|Vurdering af lanerisikoen for husholdninger gennem supervised machine learning ved brug af demografisk- og ejendomsdata"
"";"dtu|dtupub|third_party";"";"2023-09-24T00:09:28.966Z";"Kovács, András Tamás";"";"2728650711";"";"dtu";"2023";"";"";"";"";"thesis";"dtu|dtu_electronic|dtupub_external";"";"";"";"";"";"";"";"";"";"";"";"";"";"";"";"";"und";"650f7e3890a6cccab1c6f2de";"";"650f7e3890a6cccab1c6f2de";"DTU Department of Electrical and Photonics Engineering";"sorbit";"sorbit";"Indoor IoT sensor powered by energy harvesting from ambient RF energy sources|Indoor IoT sensor powered by energy harvesting from ambient RF energy sources"
"";"dtu|dtupub|third_party";"";"2024-02-29T01:57:12.700Z";"Groes-Petersen, Anna|Ellemose, Mathilde Hovmøller";"";"2733841684";"";"dtu";"2023";"";"";"";"";"thesis";"dtu|dtu_electronic|dtupub|dtupub_electronic";"";"";"";"";"";"";"";"";"";"";"";"";"";"";"";"";"und";"65dfd95216893349f9f34b70";"";"65dfd95216893349f9f34b70";"DTU Department of Civil and Mechanical Engineering";"sorbit";"sorbit";"Computational fluid dynamics simulation of wave-induced transport of buoyant and non-buoyant microplastic particles|Numerisk simulering af bølge-induceret transport af flydende og ikke-flydende mikroplastpartikler"
"";"dtu|dtupub|third_party";"";"2023-12-31T01:09:29.823Z";"Wilting, Bjørn";"";"2730671497";"";"dtu";"2023";"";"";"";"";"thesis";"dtu|dtu_electronic|dtupub|dtupub_electronic";"";"";"";"";"";"";"";"";"";"";"";"";"";"";"";"";"und";"6590bf4672d95d2bb9811623";"";"6590bf4672d95d2bb9811623";"DTU Department of Applied Mathematics and Computer Science";"sorbit";"sorbit";"Providing reliable quality-of-service through network resource allocation for the monitoring of mobile business processes|Levering af driftsikker servicekvalitet gennem allokering af netværksressourcer til monitorering af mobile business processer"
"";"dtu|dtupub|third_party";"";"2022-08-25T11:30:42.585Z";"Didriksen, Simon|Ravn, Natasja Månsson";"";"2713316492";"";"dtu";"2022";"";"";"";"";"thesis";"dtu|dtu_electronic|dtupub_external";"";"";"";"";"";"";"";"";"";"";"";"";"";"";"";"";"und";"6302c939d7ad211325d24dc5";"";"6302c939d7ad211325d24dc5";"DTU Department of Civil and Mechanical Engineering";"sorbit";"sorbit";"Modularization-based Optimization of Material Management in Maintenance of Complex Systems|Modulariseringsbaseret optimering af materialestyring ved vedligeholdelse af komplekse systemer"
"";"dtu|dtupub|third_party";"";"2023-10-10T00:09:18.066Z";"Mir, Usama Ahmad";"";"2729019658";"";"dtu";"2023";"";"";"";"";"thesis";"dtu|dtu_electronic|dtupub|dtupub_electronic";"";"";"";"";"";"";"";"";"";"";"";"";"";"";"";"";"und";"6524962d7ad28f1b729769fc";"";"6524962d7ad28f1b729769fc";"DTU Department of Applied Mathematics and Computer Science";"sorbit";"sorbit";"Facial recognition for kinship detection using deep neural networks|Slægtsskabsgenkendelse ved brug af dybe neurale netværk"
"";"dtu|dtupub|third_party";"";"2022-07-25T00:10:25.689Z";"Jørgensen, Pernille Gramstrup Lund";"";"2712810177";"";"dtu";"2022";"";"";"";"";"thesis";"dtu|dtu_electronic|dtupub_external";"";"";"";"";"";"";"";"";"";"";"";"";"";"";"";"";"und";"62dddf719e868a54e4579675";"";"62dddf719e868a54e4579675";"DTU Department of Chemical and Biochemical Engineering";"sorbit";"sorbit";"Surface modification of hollow fiber forward osmosis membrane for enhanced ammonium rejection|Overflademodifikation af hulfiber forward osmosemembran for forbedret ammoniumafvisning"
"";"dtu|dtupub|third_party";"";"2022-07-16T00:09:38.337Z";"Ding, Yifei";"";"2712702136";"";"dtu";"2022";"";"";"";"";"thesis";"dtu|dtu_electronic|dtupub|dtupub_electronic";"";"";"";"";"";"";"";"";"";"";"";"";"";"";"";"";"und";"62d201c2f9244354e46b216b";"";"62d201c2f9244354e46b216b";"DTU Department of Applied Mathematics and Computer Science";"sorbit";"sorbit";"Algorithms for the Time-Dependent Shortest Path Problem|Algoritmer til tidsafhængige korteste veje pa havet"
"";"dtu|dtupub|third_party";"";"2023-03-04T06:55:25.925Z";"Saretta, Marco";"";"2720215104";"";"dtu";"2023";"";"";"";"";"thesis";"dtu|dtu_electronic|dtupub_external";"";"";"";"";"";"";"";"";"";"";"";"";"";"";"";"";"und";"6402eb54c1b53b3c45e90a12";"";"6402eb54c1b53b3c45e90a12";"DTU Department of Wind and Energy Systems";"sorbit";"sorbit";"Optimal operational scheduling for electrolysers participating in ancillary service markets|Optimal driftsplanlægning for elektrolyseanlæg, der deltager i systemydelsesmarkeder"
"";"dtu|dtupub|third_party";"";"2023-03-31T00:09:30.748Z";"Ipsen, David Ribberholt";"";"2723319029";"";"dtu";"2023";"";"";"";"";"thesis";"dtu|dtu_electronic|dtupub|dtupub_electronic";"";"";"";"";"";"";"";"";"";"";"";"";"";"";"";"";"und";"642624bad78f633d3c402ac7";"";"642624bad78f633d3c402ac7";"DTU Department of Applied Mathematics and Computer Science";"sorbit";"sorbit";"Optimising Smart Charging of Electric Vehicles|Optimering af Smart Opladning af El-Biler"
"";"dtu|dtupub|third_party";"";"2023-02-22T01:09:48.935Z";"Benomar, Sammy Steffensen";"";"2718825084";"";"dtu";"2023";"";"";"";"";"thesis";"dtu|dtu_electronic|dtupub_external";"";"";"";"";"";"";"";"";"";"";"";"";"";"";"";"";"und";"63f56b5cf4ffcd91f771df53";"";"63f56b5cf4ffcd91f771df53";"DTU Department of Applied Mathematics and Computer Science";"sorbit";"sorbit";"Influence of the quality of the mould components on the injection moulded LEGO bricks|Formkomponenters betydning for sprøjtestøbte LEGO klodser"
"";"dtu|dtupub|third_party";"";"2023-03-25T01:09:35.001Z";"Christensen, Mads Vedel Saaby|Brandt, Simon Strandly";"";"2723191191";"";"dtu";"2023";"";"";"";"";"thesis";"dtu|dtu_electronic|dtupub|dtupub_electronic";"";"";"";"";"";"";"";"";"";"";"";"";"";"";"";"";"und";"641e49ce8b7f903c299cd5ca";"";"641e49ce8b7f903c299cd5ca";"DTU Department of Technology, Management and Economics";"sorbit";"sorbit";"SENSOR DATA FUSION AND INTELLIGENT STATE PREDICTION FOR HUMAN DIGITAL TWINS IN STROKE THERAPY WITH EXOSKELETONS|Sensor data fusion og intelligent forudsigelse af tilstande for digitale patient tvillinger under exoskeleton-baseret hjerneskade genoptræning"
"";"dtu|dtupub|third_party";"";"2023-03-06T01:09:35.922Z";"Pedersen, Lasse Kørup";"";"2720235511";"";"dtu";"2023";"";"";"";"";"thesis";"dtu|dtu_electronic|dtupub|dtupub_electronic";"";"";"";"";"";"";"";"";"";"";"";"";"";"";"";"";"und";"64053d4f6e350c3c4961c9f1";"";"64053d4f6e350c3c4961c9f1";"DTU Department of Civil and Mechanical Engineering";"sorbit";"sorbit";"Electrical conductivity and mechanical properties of aluminium for electric vehicles|Elektrisk ledningsevne og mekaniske egenskaber af aluminium til brug i elektriske biler"
"";"dtu|dtupub|third_party";"";"2023-07-22T00:10:29.728Z";"Ellekilde-Pedersen, Anders|Bjørneskov, Rasmus Porse";"";"2727236829";"";"dtu";"2023";"";"";"";"";"thesis";"dtu|dtu_electronic|dtupub|dtupub_electronic";"";"";"";"";"";"";"";"";"";"";"";"";"";"";"";"";"und";"64bb1e7470deac3131d136e1";"";"64bb1e7470deac3131d136e1";"DTU Department of Applied Mathematics and Computer Science";"sorbit";"sorbit";"Approaches to Cyber Security Challenges in Maritime Operational Technology|Tilgange til Cybersikkerhedsudfordringer ved Maritime Operative Teknologisystemer"
"";"dtu|dtupub|third_party";"";"2022-07-25T00:10:56.975Z";"Strippoli, Savino";"";"2712810239";"";"dtu";"2022";"";"";"";"";"thesis";"dtu|dtu_electronic|dtupub|dtupub_electronic";"";"";"";"";"";"";"";"";"";"";"";"";"";"";"";"";"und";"62dddf9050ece654e49e9a77";"";"62dddf9050ece654e49e9a77";"DTU DTU National Food Institute";"sorbit";"sorbit";"Analysis of plasmid content and localization of protease genes in selected lactic acid bacteria|Analyse af plasmid-profiler og lokalisering af protease-gener i udvalgte mælkesyrebakterier"
"";"dtu|dtupub|third_party";"";"2023-03-18T02:24:16.919Z";"Rindermann, Moritz";"";"2721204079";"";"dtu";"2023";"";"";"";"";"thesis";"dtu|dtu_electronic|dtupub|dtupub_electronic";"";"";"";"";"";"";"";"";"";"";"";"";"";"";"";"";"und";"64150f558115273abb8bf4fa";"";"64150f558115273abb8bf4fa";"DTU Department of Civil and Mechanical Engineering";"sorbit";"sorbit";"On the organizational response to fluctuations in renewable energy supply – development of an organisational approach for reducing electricity costs and carbon footprint|On the organizational response to fluctuations in renewable energy supply – development of an organisational approach for reducing electricity costs and carbon footprint"
"";"dtu|dtupub|third_party";"";"2023-05-12T00:09:42.359Z";"Borcic, Barbara|Backov, Lucija";"";"2724290510";"";"dtu";"2023";"";"";"";"";"thesis";"dtu|dtu_electronic|dtupub_external";"";"";"";"";"";"";"";"";"";"";"";"";"";"";"";"";"und";"645d83c5eb5b732aa521ebfe";"";"645d83c5eb5b732aa521ebfe";"DTU Department of Biotechnology and Biomedicine";"sorbit";"sorbit";"Glycan preferences of human gut isolates from an infant/mother pair cohort|Præferencer af isolater fra tarmen af en spædbarn/moder par gruppe for glykaner"
"";"dtu|dtupub|third_party";"";"2023-02-22T01:09:41.370Z";"Feldthus, William Brandt";"";"2718824967";"";"dtu";"2023";"";"";"";"";"thesis";"dtu|dtu_electronic|dtupub|dtupub_electronic";"";"";"";"";"";"";"";"";"";"";"";"";"";"";"";"";"und";"63f56b55afd9ef91f7f0d5bb";"";"63f56b55afd9ef91f7f0d5bb";"DTU Department of Environmental and Resource Engineering";"sorbit";"sorbit";"Optimization of artificial concrete reef elements, for the improvement of marine ecosystems by facilitating the colonization with seaweed|Optimering af kunstige beton revelementer for forbedring af hav økosystemer gennem forøget tang kolonisering"
"";"dtu|dtupub|third_party";"";"2023-03-03T02:05:56.588Z";"Kalogeropoulos, Angelos Achilleas";"";"2720125363";"";"dtu";"2023";"";"";"";"";"thesis";"dtu|dtu_electronic|dtupub|dtupub_electronic";"";"";"";"";"";"";"";"";"";"";"";"";"";"";"";"";"und";"640148d77575b83c12f01d95";"";"640148d77575b83c12f01d95";"DTU Department of Physics";"sorbit";"sorbit";"Fermi-level Depinning of Wafer-Scale MoS2 using Functionalized CVD Graphene Interlayers|Fermi-niveau Depinning af Wafer-Scale MoS2 ved hjælp af funktionaliserede CVD grafen mellemlag"
"";"dtu|dtupub|third_party";"";"2023-03-05T01:09:40.154Z";"Skotte, Kamma Ask|Jespersen, Mads Kragh";"";"2720233184";"";"dtu";"2023";"";"";"";"";"thesis";"dtu|dtu_electronic|dtupub|dtupub_electronic";"";"";"";"";"";"";"";"";"";"";"";"";"";"";"";"";"und";"6403ebd45def683c492d8079";"";"6403ebd45def683c492d8079";"DTU Department of Civil and Mechanical Engineering";"sorbit";"sorbit";"Indoor climate and energy performance of semi-outdoor spaces in senior homes|Indeklima og energiydeevne af semi-udendørs omrader i seniorboliger"
"";"dtu|dtupub|third_party";"";"2023-08-28T00:09:16.791Z";"Johansson, Viktor Stenby";"";"2727909672";"";"dtu";"2023";"";"";"";"";"thesis";"dtu|dtu_electronic|dtupub_external";"";"";"";"";"";"";"";"";"";"";"";"";"";"";"";"";"und";"64ebe5ab538c732052d8a55c";"";"64ebe5ab538c732052d8a55c";"DTU Department of Applied Mathematics and Computer Science";"sorbit";"sorbit";"Learning Customer Embeddings using Transaction Networks and Graph Neural Networks|Kunde-embeddings via Transaktionsnetværk og Graf Neurale Netværk"
"";"dtu|dtupub|third_party";"";"2023-08-20T00:10:59.914Z";"Cui, Ruiqi";"";"2727784009";"";"dtu";"2023";"";"";"";"";"thesis";"dtu|dtu_electronic|dtupub|dtupub_electronic";"";"";"";"";"";"";"";"";"";"";"";"";"";"";"";"";"und";"64e15a1384a44b20525c042e";"";"64e15a1384a44b20525c042e";"DTU Department of Applied Mathematics and Computer Science";"sorbit";"sorbit";"Synthesis of Geometric Models of Neural Tissue|Syntese af geometriske modeller af neuralt væv"
"";"dtu|dtupub|third_party";"";"2023-09-21T00:09:29.376Z";"Pytlarz, Martyna Anna";"";"2728437622";"";"dtu";"2023";"";"";"";"";"thesis";"dtu|dtu_electronic|dtupub_external";"";"";"";"";"";"";"";"";"";"";"";"";"";"";"";"";"und";"650b89b8ff8bbd566b8d0eb2";"";"650b89b8ff8bbd566b8d0eb2";"DTU Department of Health Technology";"sorbit";"sorbit";"Therapeutic drug monitoring of antibiotics with surface-enhanced Raman spectroscopy|Terapeutisk lægemiddelovervagning af antibiotika med overfladeforstærket Raman spektroskopi"
"";"dtu|dtupub|third_party";"";"2023-08-16T00:11:05.815Z";"Larsen, Mads Fog Nyrup|Faarbæk, Sebastian Marius Rosenørn";"";"2727703753";"";"dtu";"2023";"";"";"";"";"thesis";"dtu|dtu_electronic|dtupub_external";"";"";"";"";"";"";"";"";"";"";"";"";"";"";"";"";"und";"64dc141920d75c20528792bc";"";"64dc141920d75c20528792bc";"DTU Department of Civil and Mechanical Engineering";"sorbit";"sorbit";"Complexity analysis at Megatrade beslag A/S|Kompleksitetsanalyse hos Megatrade Beslag A/S"
"";"dtu|dtupub|third_party";"";"2023-07-24T00:11:20.699Z";"Beck, Jens Hammershøj";"";"2727253406";"";"dtu";"2023";"";"";"";"";"thesis";"dtu|dtu_electronic|dtupub|dtupub_electronic";"";"";"";"";"";"";"";"";"";"";"";"";"";"";"";"";"und";"64bdc1a80e47fd313188a5c7";"";"64bdc1a80e47fd313188a5c7";"DTU Department of Space Research and Space Technology";"sorbit";"sorbit";"NICER timing analyses of the ultra-compact X-ray burster 4U 1820-30|NICER tidsanalyser af den ultrakompakte røntgenkilde 4U 1820-30"
"";"dtu|dtupub|third_party";"";"2022-09-12T00:09:29.281Z";"Pardo, Carlos Rodriguez";"";"2713609046";"";"dtu";"2022";"";"";"";"";"thesis";"dtu|dtu_electronic|dtupub_external";"";"";"";"";"";"";"";"";"";"";"";"";"";"";"";"";"und";"631e78b92b059f45407222c4";"";"631e78b92b059f45407222c4";"DTU Department of Health Technology";"sorbit";"sorbit";"Design and validation of CAR T cells with TGFbeta modulating effects|Design og validering af CAR T celler med TGFbeta modulerende effekt"
"";"dtu|dtupub|third_party";"";"2022-08-25T11:30:43.231Z";"Martinez, Carles Morera|Melloni, Alberto";"";"2713316533";"";"dtu";"2022";"";"";"";"";"thesis";"dtu|dtu_electronic|dtupub_external";"";"";"";"";"";"";"";"";"";"";"";"";"";"";"";"";"und";"63056c4f36aa9a1325a9b5da";"";"63056c4f36aa9a1325a9b5da";"DTU Department of Technology, Management and Economics";"sorbit";"sorbit";"Optimization of the Operations in a Nestlé Warehouse through the Application of Discrete Event-Based Simulations|Driftsoptimering af et Nestle lager gennem brug af diskret-event baseret simulering"
"";"dtu|dtupub|third_party";"";"2022-07-25T00:10:45.750Z";"Tsintzou, Lydia";"";"2712810222";"";"dtu";"2022";"";"";"";"";"thesis";"dtu|dtu_electronic|dtupub_external";"";"";"";"";"";"";"";"";"";"";"";"";"";"";"";"";"und";"62dddf8596eeaa54e47dc6dd";"";"62dddf8596eeaa54e47dc6dd";"DTU Department of Technology, Management and Economics";"sorbit";"sorbit";"A service configurator to standardize customer integration for a global third party logistics company|En service konfigurator for standardisering af kunde intgration for en global 3. parts logistik virksomhed"
"";"dtu|dtupub|third_party";"";"2022-07-25T00:11:12.273Z";"Jensen, Victor Brorsen|Tjellesen, Martin Anders";"";"2712810274";"";"dtu";"2022";"";"";"";"";"thesis";"dtu|dtu_electronic|dtupub_external";"";"";"";"";"";"";"";"";"";"";"";"";"";"";"";"";"und";"62dddfa099acb454e4205707";"";"62dddfa099acb454e4205707";"DTU Department of Technology, Management and Economics";"sorbit";"sorbit";"Developing IPO Strategy for a Deep Technology Company|Udvikling af børsnoteringsstrategi for deep-tech virksomhed"
"";"dtu|dtupub|third_party";"";"2022-03-03T12:10:17.753Z";"Salih, Sena";"";"2708092171";"";"dtu";"2022";"";"";"";"";"thesis";"dtu|dtu_electronic|dtupub|dtupub_electronic";"";"";"";"";"";"";"";"";"";"";"";"";"";"";"";"";"und";"6220b029aff0a254d8c76252";"";"6220b029aff0a254d8c76252";"DTU Department of Biotechnology and Biomedicine";"sorbit";"sorbit";"Characterization of novel inducible expression systems for production of secreted proteins in Corynebacterium glutamicum|Karakterisering af nye inducerbare ekspressionssystemer til produktion af udskillede proteiner i Corynebacterium glutamicum"
"";"dtu|dtupub|third_party";"";"2022-03-02T12:10:03.033Z";"Riinbæk, August Pipper|Skiveren, Kasper Bech";"";"2708057981";"";"dtu";"2022";"";"";"";"";"thesis";"dtu|dtu_electronic|dtupub_external";"";"";"";"";"";"";"";"";"";"";"";"";"";"";"";"";"und";"621f5e9a203ad654d8c03d6c";"";"621f5e9a203ad654d8c03d6c";"DTU Department of Civil and Mechanical Engineering";"sorbit";"sorbit";"Modelling of non-linear soil-structure interaction for earthquake excitations|Modellering af ikke-lineær jord-struktur interaktion ved jordskælvslaster"
"";"dtu|dtupub|third_party";"";"2022-03-06T12:10:06.481Z";"Rahman, Mariam Khaled Abdel";"";"2708275906";"";"dtu";"2022";"";"";"";"";"thesis";"dtu|dtu_electronic|dtupub|dtupub_electronic";"";"";"";"";"";"";"";"";"";"";"";"";"";"";"";"";"und";"6224a49e578d6854d886dc6b";"";"6224a49e578d6854d886dc6b";"DTU Department of Biotechnology and Biomedicine";"sorbit";"sorbit";"Chemical analysis of natural products in Aspergillus subgenus nidulantes|Kemisk analyse af naturstoffer indenfor Aspergillus subgenus nidulantes"